word,accepted,short,min_active_frames,median_active_frames,short_pct
mirror,2,2,22.0,24.0,100.0
absolutelynothing,1,1,26.0,26.0,100.0
allway,1,1,20.0,20.0,100.0
basic,1,1,23.0,23.0,100.0
bat,1,1,25.0,25.0,100.0
bitch,1,1,23.0,23.0,100.0
blowmind,1,1,29.0,29.0,100.0
blue,1,1,18.0,18.0,100.0
board,1,1,24.0,24.0,100.0
boss,1,1,19.0,19.0,100.0
boyfriend,1,1,26.0,26.0,100.0
busted,1,1,28.0,28.0,100.0
c,1,1,29.0,29.0,100.0
chin,1,1,4.0,4.0,100.0
chopsticks,1,1,28.0,28.0,100.0
comeout,1,1,25.0,25.0,100.0
committee,1,1,20.0,20.0,100.0
consume,1,1,14.0,14.0,100.0
cost,1,1,22.0,22.0,100.0
death,1,1,9.0,9.0,100.0
dilemma,1,1,28.0,28.0,100.0
disney,1,1,18.0,18.0,100.0
dribble,1,1,26.0,26.0,100.0
dry,1,1,11.0,11.0,100.0
easytodo,1,1,26.0,26.0,100.0
flipflops,1,1,29.0,29.0,100.0
flipswitch,1,1,5.0,5.0,100.0
floor,1,1,21.0,21.0,100.0
freedom,1,1,27.0,27.0,100.0
gallaudet,1,1,18.0,18.0,100.0
head,1,1,7.0,7.0,100.0
headphones,1,1,22.0,22.0,100.0
hen,1,1,21.0,21.0,100.0
hundred,1,1,25.0,25.0,100.0
ignore,1,1,22.0,22.0,100.0
lie,1,1,17.0,17.0,100.0
lightning,1,1,22.0,22.0,100.0
m,1,1,28.0,28.0,100.0
microphone,1,1,14.0,14.0,100.0
mock,1,1,25.0,25.0,100.0
more,1,1,24.0,24.0,100.0
mosquito,1,1,29.0,29.0,100.0
mouse,1,1,23.0,23.0,100.0
near,1,1,26.0,26.0,100.0
never,1,1,6.0,6.0,100.0
none,1,1,29.0,29.0,100.0
nonsense,1,1,28.0,28.0,100.0
normal,1,1,28.0,28.0,100.0
nosebleed,1,1,18.0,18.0,100.0
now,1,1,17.0,17.0,100.0
offthepoint,1,1,27.0,27.0,100.0
owe,1,1,29.0,29.0,100.0
paragraph,1,1,16.0,16.0,100.0
phone,1,1,29.0,29.0,100.0
pile,1,1,21.0,21.0,100.0
pirate,1,1,26.0,26.0,100.0
popcorn,1,1,13.0,13.0,100.0
precious,1,1,8.0,8.0,100.0
prefer,1,1,24.0,24.0,100.0
q,1,1,27.0,27.0,100.0
razor,1,1,24.0,24.0,100.0
reduce,1,1,25.0,25.0,100.0
replace,1,1,17.0,17.0,100.0
restaurant,1,1,27.0,27.0,100.0
roof,1,1,28.0,28.0,100.0
room,1,1,28.0,28.0,100.0
secretary,1,1,26.0,26.0,100.0
select,1,1,22.0,22.0,100.0
set,1,1,25.0,25.0,100.0
shortperson,1,1,26.0,26.0,100.0
signature,1,1,14.0,14.0,100.0
slingshot,1,1,27.0,27.0,100.0
small,1,1,19.0,19.0,100.0
sneeze,1,1,23.0,23.0,100.0
snob,1,1,25.0,25.0,100.0
soap,1,1,21.0,21.0,100.0
something,1,1,26.0,26.0,100.0
spate,1,1,27.0,27.0,100.0
spitout,1,1,15.0,15.0,100.0
spoon,1,1,25.0,25.0,100.0
staff,1,1,14.0,14.0,100.0
sting,1,1,16.0,16.0,100.0
stir,1,1,21.0,21.0,100.0
story,1,1,22.0,22.0,100.0
strawberry,1,1,15.0,15.0,100.0
strong,1,1,19.0,19.0,100.0
sushi,1,1,29.0,29.0,100.0
suspend,1,1,28.0,28.0,100.0
talk,1,1,20.0,20.0,100.0
taste,1,1,10.0,10.0,100.0
three,1,1,25.0,25.0,100.0
toothbrush,1,1,12.0,12.0,100.0
topic,1,1,27.0,27.0,100.0
truck,1,1,28.0,28.0,100.0
two,1,1,10.0,10.0,100.0
twomore,1,1,20.0,20.0,100.0
verb,1,1,27.0,27.0,100.0
vest,1,1,15.0,15.0,100.0
videocamera,1,1,24.0,24.0,100.0
wash,1,1,28.0,28.0,100.0
wheelchair,1,1,3.0,3.0,100.0
who,1,1,18.0,18.0,100.0
will,1,1,20.0,20.0,100.0
window,1,1,14.0,14.0,100.0
wolf,1,1,14.0,14.0,100.0
workshop,1,1,28.0,28.0,100.0
zipper,1,1,22.0,22.0,100.0
airplane,2,1,26.0,31.5,50.0
enemy,2,1,24.0,29.0,50.0
pour,2,1,18.0,32.0,50.0
animal,3,0,45.0,53.0,0.0
quite a little,3,0,55.0,64.0,0.0
bath,2,0,45.0,68.5,0.0
climbladder,2,0,37.0,131.5,0.0
crocodile,2,0,39.0,39.5,0.0
getinbed,2,0,35.0,38.5,0.0
s,2,0,30.0,30.0,0.0
school,2,0,39.0,42.5,0.0
shop,2,0,33.0,38.0,0.0
trim down,2,0,39.0,41.5,0.0
weight,2,0,30.0,48.0,0.0
a,1,0,39.0,39.0,0.0
adopt,1,0,62.0,62.0,0.0
advantage,1,0,47.0,47.0,0.0
agency,1,0,33.0,33.0,0.0
animate being,1,0,55.0,55.0,0.0
art,1,0,58.0,58.0,0.0
article,1,0,37.0,37.0,0.0
assist,1,0,34.0,34.0,0.0
at,1,0,42.0,42.0,0.0
atlanta,1,0,76.0,76.0,0.0
attention,1,0,43.0,43.0,0.0
b,1,0,252.0,252.0,0.0
baby,1,0,33.0,33.0,0.0
backbone,1,0,36.0,36.0,0.0
backpack,1,0,63.0,63.0,0.0
backyard,1,0,72.0,72.0,0.0
bacon,1,0,52.0,52.0,0.0
bag,1,0,55.0,55.0,0.0
ball,1,0,36.0,36.0,0.0
banana,1,0,52.0,52.0,0.0
bathroom,1,0,40.0,40.0,0.0
because,1,0,35.0,35.0,0.0
behavior,1,0,41.0,41.0,0.0
bell,1,0,44.0,44.0,0.0
binoculars,1,0,47.0,47.0,0.0
birth,1,0,44.0,44.0,0.0
bison,1,0,52.0,52.0,0.0
bleed,1,0,39.0,39.0,0.0
blinds,1,0,81.0,81.0,0.0
both,1,0,64.0,64.0,0.0
bother,1,0,44.0,44.0,0.0
bound,1,0,51.0,51.0,0.0
bowl,1,0,38.0,38.0,0.0
brag,1,0,44.0,44.0,0.0
brainstorm,1,0,31.0,31.0,0.0
breathe,1,0,69.0,69.0,0.0
bridge,1,0,31.0,31.0,0.0
bright,1,0,32.0,32.0,0.0
brush,1,0,46.0,46.0,0.0
burn,1,0,71.0,71.0,0.0
busy,1,0,43.0,43.0,0.0
butterfly,1,0,32.0,32.0,0.0
calendar,1,0,33.0,33.0,0.0
california,1,0,38.0,38.0,0.0
cancel,1,0,34.0,34.0,0.0
cancellation,1,0,31.0,31.0,0.0
cannon,1,0,38.0,38.0,0.0
cape,1,0,37.0,37.0,0.0
carousel,1,0,53.0,53.0,0.0
carry,1,0,34.0,34.0,0.0
champion,1,0,36.0,36.0,0.0
cheesegrater,1,0,42.0,42.0,0.0
clause,1,0,39.0,39.0,0.0
commute,1,0,73.0,73.0,0.0
confident,1,0,33.0,33.0,0.0
continue,1,0,43.0,43.0,0.0
count,1,0,36.0,36.0,0.0
crash,1,0,42.0,42.0,0.0
dance,1,0,57.0,57.0,0.0
deflate,1,0,40.0,40.0,0.0
deodorant,1,0,30.0,30.0,0.0
depress,1,0,79.0,79.0,0.0
desert,1,0,40.0,40.0,0.0
devour,1,0,35.0,35.0,0.0
die,1,0,35.0,35.0,0.0
director,1,0,51.0,51.0,0.0
dodo,1,0,31.0,31.0,0.0
downhill,1,0,44.0,44.0,0.0
drip,1,0,37.0,37.0,0.0
dryer,1,0,39.0,39.0,0.0
each,1,0,37.0,37.0,0.0
earth,1,0,40.0,40.0,0.0
eggbeater,1,0,46.0,46.0,0.0
ego,1,0,38.0,38.0,0.0
elegance,1,0,41.0,41.0,0.0
email,1,0,41.0,41.0,0.0
evaluate,1,0,35.0,35.0,0.0
event,1,0,35.0,35.0,0.0
explode,1,0,31.0,31.0,0.0
famous,1,0,38.0,38.0,0.0
fantasy,1,0,52.0,52.0,0.0
fifth,1,0,37.0,37.0,0.0
free,1,0,31.0,31.0,0.0
gettogether,1,0,44.0,44.0,0.0
good,1,0,41.0,41.0,0.0
goosebumps,1,0,37.0,37.0,0.0
green,1,0,61.0,61.0,0.0
grenade,1,0,52.0,52.0,0.0
handcuffs,1,0,37.0,37.0,0.0
heartbody,1,0,48.0,48.0,0.0
hinge,1,0,42.0,42.0,0.0
holdaccountable,1,0,36.0,36.0,0.0
holy,1,0,58.0,58.0,0.0
hood,1,0,34.0,34.0,0.0
howl,1,0,51.0,51.0,0.0
improve,1,0,38.0,38.0,0.0
indian,1,0,48.0,48.0,0.0
itch,1,0,81.0,81.0,0.0
j,1,0,74.0,74.0,0.0
jewelry,1,0,52.0,52.0,0.0
jigsawpuzzle,1,0,104.0,104.0,0.0
k,1,0,42.0,42.0,0.0
l,1,0,44.0,44.0,0.0
law,1,0,43.0,43.0,0.0
leather,1,0,38.0,38.0,0.0
library,1,0,45.0,45.0,0.0
lipstick,1,0,48.0,48.0,0.0
loud,1,0,54.0,54.0,0.0
mainstream,1,0,31.0,31.0,0.0
make,1,0,31.0,31.0,0.0
marionette,1,0,35.0,35.0,0.0
marry,1,0,35.0,35.0,0.0
mascara,1,0,30.0,30.0,0.0
match,1,0,40.0,40.0,0.0
maybe,1,0,61.0,61.0,0.0
me,1,0,45.0,45.0,0.0
melt,1,0,53.0,53.0,0.0
member,1,0,57.0,57.0,0.0
mummy,1,0,31.0,31.0,0.0
mustache,1,0,33.0,33.0,0.0
n,1,0,34.0,34.0,0.0
neck,1,0,109.0,109.0,0.0
net,1,0,31.0,31.0,0.0
noise,1,0,34.0,34.0,0.0
notathing,1,0,35.0,35.0,0.0
obsess,1,0,47.0,47.0,0.0
oral,1,0,31.0,31.0,0.0
orangethroat,1,0,45.0,45.0,0.0
ostrich,1,0,43.0,43.0,0.0
p,1,0,41.0,41.0,0.0
papercutter,1,0,82.0,82.0,0.0
peace,1,0,34.0,34.0,0.0
perceive,1,0,61.0,61.0,0.0
persistent,1,0,36.0,36.0,0.0
perspective,1,0,36.0,36.0,0.0
philosophy,1,0,41.0,41.0,0.0
piano,1,0,51.0,51.0,0.0
picnic,1,0,52.0,52.0,0.0
pitcher,1,0,92.0,92.0,0.0
plant,1,0,32.0,32.0,0.0
platform,1,0,33.0,33.0,0.0
play,1,0,55.0,55.0,0.0
point,1,0,40.0,40.0,0.0
pole,1,0,31.0,31.0,0.0
ponder,1,0,44.0,44.0,0.0
poop,1,0,47.0,47.0,0.0
poor,1,0,103.0,103.0,0.0
positive,1,0,31.0,31.0,0.0
potato,1,0,48.0,48.0,0.0
power,1,0,41.0,41.0,0.0
preacher,1,0,34.0,34.0,0.0
price,1,0,59.0,59.0,0.0
project,1,0,38.0,38.0,0.0
promise,1,0,33.0,33.0,0.0
promote,1,0,54.0,54.0,0.0
psychology,1,0,56.0,56.0,0.0
r,1,0,124.0,124.0,0.0
race,1,0,40.0,40.0,0.0
radio,1,0,31.0,31.0,0.0
relief,1,0,41.0,41.0,0.0
resign,1,0,31.0,31.0,0.0
resist,1,0,58.0,58.0,0.0
revenge,1,0,43.0,43.0,0.0
rude,1,0,36.0,36.0,0.0
rush,1,0,34.0,34.0,0.0
sailboat,1,0,35.0,35.0,0.0
saltshaker,1,0,30.0,30.0,0.0
score,1,0,45.0,45.0,0.0
screwdriver,1,0,38.0,38.0,0.0
sculpt,1,0,72.0,72.0,0.0
see,1,0,39.0,39.0,0.0
several,1,0,43.0,43.0,0.0
shake,1,0,32.0,32.0,0.0
share,1,0,65.0,65.0,0.0
shower,1,0,44.0,44.0,0.0
six,1,0,33.0,33.0,0.0
skunk,1,0,43.0,43.0,0.0
slew,1,0,45.0,45.0,0.0
slipper,1,0,32.0,32.0,0.0
smile,1,0,44.0,44.0,0.0
snow,1,0,59.0,59.0,0.0
socialize,1,0,51.0,51.0,0.0
son,1,0,36.0,36.0,0.0
soup,1,0,45.0,45.0,0.0
spontaneous,1,0,31.0,31.0,0.0
spotsomething,1,0,30.0,30.0,0.0
square,1,0,98.0,98.0,0.0
starbucks,1,0,33.0,33.0,0.0
steak,1,0,39.0,39.0,0.0
stopwatch,1,0,42.0,42.0,0.0
strangle,1,0,43.0,43.0,0.0
stupid,1,0,164.0,164.0,0.0
summer,1,0,35.0,35.0,0.0
summon,1,0,33.0,33.0,0.0
sun,1,0,41.0,41.0,0.0
support,1,0,33.0,33.0,0.0
swallow,1,0,30.0,30.0,0.0
sweetheart,1,0,46.0,46.0,0.0
swing,1,0,48.0,48.0,0.0
table,1,0,48.0,48.0,0.0
tearrip,1,0,48.0,48.0,0.0
teenager,1,0,49.0,49.0,0.0
test,1,0,59.0,59.0,0.0
thirsty,1,0,37.0,37.0,0.0
tie,1,0,42.0,42.0,0.0
top,1,0,47.0,47.0,0.0
toss,1,0,52.0,52.0,0.0
touch,1,0,31.0,31.0,0.0
tow,1,0,30.0,30.0,0.0
trim back,1,0,32.0,32.0,0.0
triple,1,0,57.0,57.0,0.0
turkey,1,0,40.0,40.0,0.0
turn,1,0,38.0,38.0,0.0
udder,1,0,33.0,33.0,0.0
under,1,0,45.0,45.0,0.0
unicorn,1,0,36.0,36.0,0.0
universe,1,0,177.0,177.0,0.0
v,1,0,64.0,64.0,0.0
virtually,1,0,39.0,39.0,0.0
visualize,1,0,52.0,52.0,0.0
vitamins,1,0,45.0,45.0,0.0
volleyball,1,0,37.0,37.0,0.0
wad,1,0,139.0,139.0,0.0
wade,1,0,38.0,38.0,0.0
walk-tightrope-cl,1,0,121.0,121.0,0.0
wall,1,0,62.0,62.0,0.0
washmachine,1,0,36.0,36.0,0.0
water,1,0,71.0,71.0,0.0
whip,1,0,40.0,40.0,0.0
whole,1,0,52.0,52.0,0.0
wink,1,0,34.0,34.0,0.0
wise,1,0,31.0,31.0,0.0
with,1,0,37.0,37.0,0.0
woman,1,0,30.0,30.0,0.0
wood,1,0,57.0,57.0,0.0
writeonwall,1,0,32.0,32.0,0.0
