word,n_samples,n_shared_with_other_class,shared_fraction
good deal,51,51,1.0
nigh,37,37,1.0
whole slew,51,51,1.0
quite a little,51,51,1.0
animate being,58,58,1.0
tidy sum,51,51,1.0
trim down,32,32,1.0
cut back,33,33,1.0
muckle,51,51,1.0
whole lot,51,51,1.0
all but,37,37,1.0
slew,54,54,1.0
well-nigh,37,37,1.0
nearly,37,37,1.0
spate,51,51,1.0
great deal,51,51,1.0
mickle,51,51,1.0
hatful,51,51,1.0
virtually,37,37,1.0
batch,52,52,1.0
bring down,39,39,1.0
creature,58,58,1.0
brute,58,58,1.0
trim back,32,32,1.0
beast,59,58,0.9830508474576272
just about,57,56,0.9824561403508771
raft,52,51,0.9807692307692307
mint,52,51,0.9807692307692307
wad,73,71,0.9726027397260274
apparel,33,32,0.9696969696969697
cycle,32,31,0.96875
lot,79,75,0.9493670886075949
deal,73,68,0.9315068493150684
cut down,36,33,0.9166666666666666
set,65,59,0.9076923076923077
rag,38,34,0.8947368421052632
adjust,44,39,0.8863636363636364
almost,43,38,0.8837209302325582
bound,46,39,0.8478260869565217
bike,37,31,0.8378378378378378
job,36,30,0.8333333333333334
achromatic,32,26,0.8125
correct,54,43,0.7962962962962963
contribute,32,25,0.78125
get down,36,28,0.7777777777777778
large,33,25,0.7575757575757576
backbone,35,26,0.7428571428571429
brain,31,23,0.7419354838709677
separate,36,26,0.7222222222222222
present,40,25,0.625
peck,88,54,0.6136363636363636
plenty,90,52,0.5777777777777777
heap,87,50,0.5747126436781609
animal,99,54,0.5454545454545454
earth,75,38,0.5066666666666667
go,98,49,0.5
get,87,43,0.4942528735632184
bicycle,65,32,0.49230769230769234
reduce,79,38,0.4810126582278481
near,77,37,0.4805194805194805
cut,82,39,0.47560975609756095
most,75,35,0.4666666666666667
ground,41,19,0.4634146341463415
wheel,62,28,0.45161290322580644
big,72,32,0.4444444444444444
clothes,64,28,0.4375
spring,80,35,0.4375
backup,58,25,0.43103448275862066
assist,64,27,0.421875
grab,64,27,0.421875
travel,75,31,0.41333333333333333
head,78,32,0.41025641025641024
dress,83,34,0.40963855421686746
bring,67,27,0.40298507462686567
blow,82,33,0.4024390243902439
help,75,30,0.4
lend,60,24,0.4
place,83,33,0.39759036144578314
miss,68,27,0.39705882352941174
bathroom,63,25,0.3968253968253968
world,71,28,0.39436619718309857
mind,69,27,0.391304347826087
bounce,52,20,0.38461538461538464
joke,60,23,0.38333333333333336
devil,66,25,0.3787878787878788
bother,64,24,0.375
back,75,28,0.37333333333333335
time,67,25,0.373134328358209
clip,70,26,0.37142857142857144
away,65,24,0.36923076923076925
class,71,26,0.36619718309859156
trim,91,33,0.3626373626373626
stop,72,26,0.3611111111111111
picture,61,22,0.36065573770491804
reach,50,18,0.36
move,89,32,0.3595505617977528
business,67,24,0.3582089552238806
country,70,25,0.35714285714285715
end,65,23,0.35384615384615387
start,57,20,0.3508771929824561
off,63,22,0.3492063492063492
whole,52,18,0.34615384615384615
area,67,23,0.34328358208955223
add,76,26,0.34210526315789475
fourth,59,20,0.3389830508474576
give,62,21,0.3387096774193548
jump,65,22,0.3384615384615385
take,78,26,0.3333333333333333
car,60,20,0.3333333333333333
some,58,19,0.3275862068965517
middle,49,16,0.32653061224489793
polish,46,15,0.32608695652173914
line,77,25,0.3246753246753247
drop,68,22,0.3235294117647059
machine,65,21,0.3230769230769231
relief,59,19,0.3220338983050847
quarter,59,19,0.3220338983050847
toilet,56,18,0.32142857142857145
film,56,18,0.32142857142857145
drill,56,18,0.32142857142857145
suit,50,16,0.32
laugh,67,21,0.31343283582089554
exercise,61,19,0.3114754098360656
make,74,23,0.3108108108108108
land,58,18,0.3103448275862069
squeeze,71,22,0.30985915492957744
form,78,24,0.3076923076923077
lecture,52,16,0.3076923076923077
create,49,15,0.30612244897959184
practice,59,18,0.3050847457627119
all,59,18,0.3050847457627119
cause,56,17,0.30357142857142855
put,53,16,0.3018867924528302
finish,73,22,0.3013698630136986
pass,77,23,0.2987012987012987
hug,54,16,0.2962962962962963
refuse,58,17,0.29310344827586204
sink,55,16,0.2909090909090909
good,66,19,0.2878787878787879
circle,56,16,0.2857142857142857
sweetheart,56,16,0.2857142857142857
divide,53,15,0.2830188679245283
rest,54,15,0.2777777777777778
scold,47,13,0.2765957446808511
home,58,16,0.27586206896551724
show,58,16,0.27586206896551724
die,51,14,0.27450980392156865
eyeglasses,51,14,0.27450980392156865
glasses,55,15,0.2727272727272727
pack,52,14,0.2692307692307692
pen,52,14,0.2692307692307692
girl,60,16,0.26666666666666666
experience,57,15,0.2631578947368421
effect,46,12,0.2608695652173913
vanish,46,12,0.2608695652173913
later,62,16,0.25806451612903225
lose,62,16,0.25806451612903225
ponder,43,11,0.2558139534883721
weird,47,12,0.2553191489361702
value,51,13,0.2549019607843137
decline,48,12,0.25
rush,48,12,0.25
result,52,13,0.25
award,48,12,0.25
us,52,13,0.25
center,69,17,0.2463768115942029
after,61,15,0.2459016393442623
son,53,13,0.24528301886792453
dark,102,25,0.24509803921568626
price,49,12,0.24489795918367346
hurry,45,11,0.24444444444444444
event,58,14,0.2413793103448276
grade,50,12,0.24
reflect,46,11,0.2391304347826087
movie,88,21,0.23863636363636365
invest,59,14,0.23728813559322035
america,55,13,0.23636363636363636
feel,55,13,0.23636363636363636
easy,51,12,0.23529411764705882
write,60,14,0.23333333333333334
grasp,43,10,0.23255813953488372
pick,65,15,0.23076923076923078
night,87,20,0.22988505747126436
smoke,48,11,0.22916666666666666
humble,57,13,0.22807017543859648
immature,44,10,0.22727272727272727
glove,44,10,0.22727272727272727
comfortable,53,12,0.22641509433962265
catch,155,35,0.22580645161290322
set up,40,9,0.225
blink,40,9,0.225
press,49,11,0.22448979591836735
shape,49,11,0.22448979591836735
smooth,54,12,0.2222222222222222
white,59,13,0.22033898305084745
disappear,55,12,0.21818181818181817
well,46,10,0.21739130434782608
need,46,10,0.21739130434782608
brag,51,11,0.21568627450980393
wink,42,9,0.21428571428571427
alright,42,9,0.21428571428571427
think,61,13,0.21311475409836064
retrieve,43,9,0.20930232558139536
break,96,20,0.20833333333333334
honor,53,11,0.20754716981132076
peach,92,19,0.20652173913043478
consume,44,9,0.20454545454545456
sofa,44,9,0.20454545454545456
blame,49,10,0.20408163265306123
couch,45,9,0.2
tell,55,11,0.2
black,66,13,0.19696969696969696
expect,51,10,0.19607843137254902
scarcely,41,8,0.1951219512195122
tablet,36,7,0.19444444444444445
behind,57,11,0.19298245614035087
analyze,52,10,0.19230769230769232
average,52,10,0.19230769230769232
young,47,9,0.19148936170212766
ask,63,12,0.19047619047619047
luck,42,8,0.19047619047619047
tail,79,15,0.189873417721519
see,58,11,0.1896551724137931
guide,53,10,0.18867924528301888
skirt,59,11,0.1864406779661017
compass,43,8,0.18604651162790697
small,70,13,0.18571428571428572
net,49,9,0.1836734693877551
heart,66,12,0.18181818181818182
principal,44,8,0.18181818181818182
state,55,10,0.18181818181818182
call,94,17,0.18085106382978725
lead,50,9,0.18
pill,39,7,0.1794871794871795
fail,56,10,0.17857142857142858
expert,45,8,0.17777777777777778
my,45,8,0.17777777777777778
sing,45,8,0.17777777777777778
bear,62,11,0.1774193548387097
study,74,13,0.17567567567567569
fencing,40,7,0.175
bottom,63,11,0.1746031746031746
mine,46,8,0.17391304347826086
obsess,46,8,0.17391304347826086
boy,64,11,0.171875
carry,47,8,0.1702127659574468
ring,59,10,0.1694915254237288
fault,54,9,0.16666666666666666
guess,78,13,0.16666666666666666
bath,54,9,0.16666666666666666
turn,54,9,0.16666666666666666
shout,73,12,0.1643835616438356
clear,61,10,0.16393442622950818
plan,43,7,0.16279069767441862
favorite,43,7,0.16279069767441862
unique,43,7,0.16279069767441862
barely,50,8,0.16
check,69,11,0.15942028985507245
wood,44,7,0.1590909090909091
category,44,7,0.1590909090909091
manage,44,7,0.1590909090909091
float,107,17,0.1588785046728972
draw,63,10,0.15873015873015872
edge,45,7,0.15555555555555556
chase,45,7,0.15555555555555556
view,45,7,0.15555555555555556
skunk,45,7,0.15555555555555556
champion,52,8,0.15384615384615385
down,72,11,0.1527777777777778
dessert,46,7,0.15217391304347827
cost,46,7,0.15217391304347827
fit,40,6,0.15
smoking,40,6,0.15
zero,47,7,0.14893617021276595
gift,54,8,0.14814814814814814
match,54,8,0.14814814814814814
ghost,54,8,0.14814814814814814
network,48,7,0.14583333333333334
daughter,48,7,0.14583333333333334
conduct,103,15,0.14563106796116504
score,49,7,0.14285714285714285
newspaper,42,6,0.14285714285714285
march,56,8,0.14285714285714285
accomplish,42,6,0.14285714285714285
improve,50,7,0.14
project,50,7,0.14
behavior,43,6,0.13953488372093023
duck,88,12,0.13636363636363635
foul,59,8,0.13559322033898305
universe,37,5,0.13513513513513514
better,52,7,0.1346153846153846
design,52,7,0.1346153846153846
function,52,7,0.1346153846153846
happen,45,6,0.13333333333333333
evaluate,45,6,0.13333333333333333
soda,45,6,0.13333333333333333
talk,90,12,0.13333333333333333
forest,45,6,0.13333333333333333
six,45,6,0.13333333333333333
paper,60,8,0.13333333333333333
fine,98,13,0.1326530612244898
pull,68,9,0.1323529411764706
engagement,38,5,0.13157894736842105
listen,46,6,0.13043478260869565
cream,77,10,0.12987012987012986
sweet,54,7,0.12962962962962962
crown,54,7,0.12962962962962962
honest,39,5,0.1282051282051282
resist,39,5,0.1282051282051282
mention,47,6,0.1276595744680851
for,47,6,0.1276595744680851
top,55,7,0.12727272727272726
office,55,7,0.12727272727272726
chance,55,7,0.12727272727272726
because,48,6,0.125
hard,56,7,0.125
judge,56,7,0.125
waste,48,6,0.125
act,48,6,0.125
grass,48,6,0.125
fox,49,6,0.12244897959183673
total,49,6,0.12244897959183673
promise,49,6,0.12244897959183673
fence,82,10,0.12195121951219512
heavy,58,7,0.1206896551724138
family,58,7,0.1206896551724138
quit,50,6,0.12
duty,42,5,0.11904761904761904
diaper,42,5,0.11904761904761904
flip,42,5,0.11904761904761904
role,42,5,0.11904761904761904
bloom,42,5,0.11904761904761904
resign,42,5,0.11904761904761904
choke,51,6,0.11764705882352941
room,51,6,0.11764705882352941
figure,60,7,0.11666666666666667
tease,43,5,0.11627906976744186
predict,43,5,0.11627906976744186
plow,70,8,0.11428571428571428
meditate,105,12,0.11428571428571428
problem,79,9,0.11392405063291139
play,79,9,0.11392405063291139
skin,44,5,0.11363636363636363
half,44,5,0.11363636363636363
perspective,44,5,0.11363636363636363
support,97,11,0.1134020618556701
watch,53,6,0.11320754716981132
dig,62,7,0.11290322580645161
blue,63,7,0.1111111111111111
champ,36,4,0.1111111111111111
shot,45,5,0.1111111111111111
last,45,5,0.1111111111111111
internet,45,5,0.1111111111111111
motorcycle,45,5,0.1111111111111111
bomb,45,5,0.1111111111111111
rule,55,6,0.10909090909090909
wander,46,5,0.10869565217391304
opportunity,37,4,0.10810810810810811
truth,47,5,0.10638297872340426
understand,47,5,0.10638297872340426
breathe,47,5,0.10638297872340426
journey,38,4,0.10526315789473684
should,38,4,0.10526315789473684
way,48,5,0.10416666666666667
keep,48,5,0.10416666666666667
past,48,5,0.10416666666666667
remember,77,8,0.1038961038961039
horrible,39,4,0.10256410256410256
nothing,78,8,0.10256410256410256
d,50,5,0.1
release,50,5,0.1
wind,50,5,0.1
bull,50,5,0.1
demand,81,8,0.09876543209876543
address,61,6,0.09836065573770492
balance,61,6,0.09836065573770492
alone,51,5,0.09803921568627451
mean,92,9,0.09782608695652174
now,41,4,0.0975609756097561
proof,41,4,0.0975609756097561
hold,103,10,0.0970873786407767
awkward,52,5,0.09615384615384616
trouble,52,5,0.09615384615384616
dumb,42,4,0.09523809523809523
arrive,42,4,0.09523809523809523
assistant,42,4,0.09523809523809523
flower,53,5,0.09433962264150944
box,53,5,0.09433962264150944
measure,86,8,0.09302325581395349
responsibility,43,4,0.09302325581395349
lost,43,4,0.09302325581395349
adopt,43,4,0.09302325581395349
bowl,43,4,0.09302325581395349
phone,54,5,0.09259259259259259
date,54,5,0.09259259259259259
train,54,5,0.09259259259259259
hit,88,8,0.09090909090909091
test,55,5,0.09090909090909091
nail,44,4,0.09090909090909091
stomach,55,5,0.09090909090909091
introduce,45,4,0.08888888888888889
crazy,45,4,0.08888888888888889
reason,45,4,0.08888888888888889
name,57,5,0.08771929824561403
closet,80,7,0.0875
action,46,4,0.08695652173913043
acquire,46,4,0.08695652173913043
touch,46,4,0.08695652173913043
power,58,5,0.08620689655172414
chew,128,11,0.0859375
gullible,35,3,0.08571428571428572
bathtub,35,3,0.08571428571428572
shooting,35,3,0.08571428571428572
accept,47,4,0.0851063829787234
really,47,4,0.0851063829787234
run,95,8,0.08421052631578947
spicy,36,3,0.08333333333333333
devour,36,3,0.08333333333333333
impress,36,3,0.08333333333333333
music,49,4,0.08163265306122448
mad,49,4,0.08163265306122448
persuade,37,3,0.08108108108108109
yucky,37,3,0.08108108108108109
bullshit,37,3,0.08108108108108109
harmonica,37,3,0.08108108108108109
ruler,37,3,0.08108108108108109
change,62,5,0.08064516129032258
meet,50,4,0.08
i,50,4,0.08
lift,101,8,0.07920792079207921
dice,38,3,0.07894736842105263
ugly,52,4,0.07692307692307693
napkin,52,4,0.07692307692307693
impact,39,3,0.07692307692307693
inept,39,3,0.07692307692307693
point,79,6,0.0759493670886076
bug,53,4,0.07547169811320754
king,53,4,0.07547169811320754
cake,53,4,0.07547169811320754
infection,40,3,0.075
insurance,40,3,0.075
weave,40,3,0.075
enough,40,3,0.075
owe,40,3,0.075
dormitory,40,3,0.075
become,40,3,0.075
toss,40,3,0.075
whatever,40,3,0.075
throw,81,6,0.07407407407407407
bright,54,4,0.07407407407407407
thin,68,5,0.07352941176470588
sympathy,41,3,0.07317073170731707
harp,41,3,0.07317073170731707
due,41,3,0.07317073170731707
precious,41,3,0.07317073170731707
one,41,3,0.07317073170731707
find,55,4,0.07272727272727272
parade,42,3,0.07142857142857142
sure,42,3,0.07142857142857142
swallow,42,3,0.07142857142857142
green,56,4,0.07142857142857142
pity,42,3,0.07142857142857142
baby,99,7,0.0707070707070707
shoot,85,6,0.07058823529411765
wait,57,4,0.07017543859649122
right,114,8,0.07017543859649122
plus,43,3,0.06976744186046512
postpone,43,3,0.06976744186046512
hop,43,3,0.06976744186046512
document,43,3,0.06976744186046512
health,43,3,0.06976744186046512
strange,44,3,0.06818181818181818
mouth,44,3,0.06818181818181818
complain,44,3,0.06818181818181818
face,59,4,0.06779661016949153
trip,74,5,0.06756756756756757
cry,149,10,0.06711409395973154
silly,45,3,0.06666666666666667
high,45,3,0.06666666666666667
dizzy,45,3,0.06666666666666667
disconnect,45,3,0.06666666666666667
equal,46,3,0.06521739130434782
plain,46,3,0.06521739130434782
before,77,5,0.06493506493506493
slow,62,4,0.06451612903225806
drag,78,5,0.0641025641025641
serve,78,5,0.0641025641025641
book,63,4,0.06349206349206349
any,48,3,0.0625
worm,48,3,0.0625
when,48,3,0.0625
grow,48,3,0.0625
brave,48,3,0.0625
share,48,3,0.0625
adult,48,3,0.0625
today,48,3,0.0625
rat,48,3,0.0625
gloves,130,8,0.06153846153846154
seem,49,3,0.061224489795918366
fix,49,3,0.061224489795918366
future,49,3,0.061224489795918366
hall,49,3,0.061224489795918366
stay,49,3,0.061224489795918366
star,49,3,0.061224489795918366
slingshot,33,2,0.06060606060606061
ready,50,3,0.06
o,50,3,0.06
appear,50,3,0.06
table,50,3,0.06
v,50,3,0.06
color,67,4,0.05970149253731343
arrest,102,6,0.058823529411764705
inspire,51,3,0.058823529411764705
stand,86,5,0.05813953488372093
strain,69,4,0.057971014492753624
struggle,52,3,0.057692307692307696
hope,52,3,0.057692307692307696
live,87,5,0.05747126436781609
highschool,35,2,0.05714285714285714
explanation,35,2,0.05714285714285714
frustrate,35,2,0.05714285714285714
deliberate,36,2,0.05555555555555555
inhale,36,2,0.05555555555555555
scream,36,2,0.05555555555555555
alarm,54,3,0.05555555555555555
align,36,2,0.05555555555555555
demote,36,2,0.05555555555555555
filter,36,2,0.05555555555555555
cute,73,4,0.0547945205479452
light,73,4,0.0547945205479452
full,55,3,0.05454545454545454
pet,74,4,0.05405405405405406
hear,74,4,0.05405405405405406
catapult,37,2,0.05405405405405406
scout,37,2,0.05405405405405406
murder,37,2,0.05405405405405406
pain,37,2,0.05405405405405406
drip,37,2,0.05405405405405406
confused,74,4,0.05405405405405406
year,56,3,0.05357142857142857
bar,56,3,0.05357142857142857
addict,38,2,0.05263157894736842
damn,38,2,0.05263157894736842
abbreviate,38,2,0.05263157894736842
to,38,2,0.05263157894736842
birth,38,2,0.05263157894736842
inject,38,2,0.05263157894736842
taste,38,2,0.05263157894736842
visualize,38,2,0.05263157894736842
poop,38,2,0.05263157894736842
celebrate,38,2,0.05263157894736842
feed,77,4,0.05194805194805195
nice,39,2,0.05128205128205128
wrestle,39,2,0.05128205128205128
french,39,2,0.05128205128205128
between,39,2,0.05128205128205128
island,39,2,0.05128205128205128
earn,39,2,0.05128205128205128
express,39,2,0.05128205128205128
weigh,39,2,0.05128205128205128
sequence,39,2,0.05128205128205128
positive,39,2,0.05128205128205128
less,39,2,0.05128205128205128
leave,59,3,0.05084745762711865
brush,59,3,0.05084745762711865
dribble,40,2,0.05
owl,40,2,0.05
frame,40,2,0.05
so,40,2,0.05
vocabulary,40,2,0.05
order,80,4,0.05
slip,80,4,0.05
sticky,40,2,0.05
prefer,40,2,0.05
public,40,2,0.05
baseball,40,2,0.05
very,40,2,0.05
pop,142,7,0.04929577464788732
elevator,102,5,0.049019607843137254
wall,41,2,0.04878048780487805
basic,41,2,0.04878048780487805
road,41,2,0.04878048780487805
peel,103,5,0.04854368932038835
tough,42,2,0.047619047619047616
sour,42,2,0.047619047619047616
spoon,42,2,0.047619047619047616
conflict,42,2,0.047619047619047616
until,42,2,0.047619047619047616
TRUE,42,2,0.047619047619047616
appointment,42,2,0.047619047619047616
then,42,2,0.047619047619047616
weight,42,2,0.047619047619047616
bone,42,2,0.047619047619047616
eat,86,4,0.046511627906976744
interest,43,2,0.046511627906976744
curious,43,2,0.046511627906976744
keyboard,43,2,0.046511627906976744
staff,43,2,0.046511627906976744
gamble,43,2,0.046511627906976744
situation,43,2,0.046511627906976744
hurt,65,3,0.046153846153846156
sunrise,44,2,0.045454545454545456
will,44,2,0.045454545454545456
jewelry,44,2,0.045454545454545456
period,44,2,0.045454545454545456
finally,44,2,0.045454545454545456
borrow,44,2,0.045454545454545456
your,44,2,0.045454545454545456
fool,44,2,0.045454545454545456
over,44,2,0.045454545454545456
smell,44,2,0.045454545454545456
scissors,44,2,0.045454545454545456
fashion,44,2,0.045454545454545456
push,44,2,0.045454545454545456
once,45,2,0.044444444444444446
evidence,45,2,0.044444444444444446
weekend,45,2,0.044444444444444446
boss,45,2,0.044444444444444446
golf,45,2,0.044444444444444446
remove,45,2,0.044444444444444446
sound,45,2,0.044444444444444446
steal,45,2,0.044444444444444446
stink,45,2,0.044444444444444446
france,45,2,0.044444444444444446
spill,68,3,0.04411764705882353
free,46,2,0.043478260869565216
interpret,46,2,0.043478260869565216
respect,46,2,0.043478260869565216
provide,46,2,0.043478260869565216
saw,70,3,0.04285714285714286
about,70,3,0.04285714285714286
imagine,70,3,0.04285714285714286
art,47,2,0.0425531914893617
accent,47,2,0.0425531914893617
fire,47,2,0.0425531914893617
funny,47,2,0.0425531914893617
transfer,47,2,0.0425531914893617
close,72,3,0.041666666666666664
read,48,2,0.041666666666666664
gone,48,2,0.041666666666666664
president,48,2,0.041666666666666664
still,48,2,0.041666666666666664
continue,48,2,0.041666666666666664
wristwatch,97,4,0.041237113402061855
stress,49,2,0.04081632653061224
people,50,2,0.04
n,50,2,0.04
careful,50,2,0.04
k,50,2,0.04
group,50,2,0.04
cancel,75,3,0.04
w,50,2,0.04
amazing,50,2,0.04
y,50,2,0.04
answer,51,2,0.0392156862745098
side,51,2,0.0392156862745098
opinion,77,3,0.03896103896103896
enter,52,2,0.038461538461538464
handsome,130,5,0.038461538461538464
plant,52,2,0.038461538461538464
chair,52,2,0.038461538461538464
hearing,52,2,0.038461538461538464
philosophy,53,2,0.03773584905660377
accident,53,2,0.03773584905660377
like,53,2,0.03773584905660377
mother,54,2,0.037037037037037035
bird,54,2,0.037037037037037035
tie,82,3,0.036585365853658534
turkey,83,3,0.03614457831325301
tall,83,3,0.03614457831325301
pig,56,2,0.03571428571428571
morning,56,2,0.03571428571428571
spread,114,4,0.03508771929824561
can,86,3,0.03488372093023256
clean,59,2,0.03389830508474576
hot,62,2,0.03225806451612903
ball,65,2,0.03076923076923077
strangle,33,1,0.030303030303030304
penis,33,1,0.030303030303030304
scratch,33,1,0.030303030303030304
resent,33,1,0.030303030303030304
obvious,33,1,0.030303030303030304
spend,33,1,0.030303030303030304
beat,67,2,0.029850746268656716
roar,68,2,0.029411764705882353
pinch,68,2,0.029411764705882353
locker,34,1,0.029411764705882353
steam,34,1,0.029411764705882353
dispatch,34,1,0.029411764705882353
stuck,34,1,0.029411764705882353
melon,34,1,0.029411764705882353
child,69,2,0.028985507246376812
special,70,2,0.02857142857142857
offend,35,1,0.02857142857142857
select,35,1,0.02857142857142857
ski,35,1,0.02857142857142857
crumple,35,1,0.02857142857142857
passport,35,1,0.02857142857142857
sweat,35,1,0.02857142857142857
swing,71,2,0.028169014084507043
thunder,36,1,0.027777777777777776
shiny,36,1,0.027777777777777776
carve,36,1,0.027777777777777776
signature,36,1,0.027777777777777776
shovel,72,2,0.027777777777777776
tape,36,1,0.027777777777777776
bind,36,1,0.027777777777777776
pretend,36,1,0.027777777777777776
script,36,1,0.027777777777777776
dancer,36,1,0.027777777777777776
sentence,73,2,0.0273972602739726
cheer,37,1,0.02702702702702703
risk,37,1,0.02702702702702703
twirl,37,1,0.02702702702702703
fold,74,2,0.02702702702702703
beak,37,1,0.02702702702702703
nut,74,2,0.02702702702702703
kid,37,1,0.02702702702702703
string,37,1,0.02702702702702703
vision,37,1,0.02702702702702703
pregnant,37,1,0.02702702702702703
stretch,75,2,0.02666666666666667
type,75,2,0.02666666666666667
bored,75,2,0.02666666666666667
agency,38,1,0.02631578947368421
misunderstand,38,1,0.02631578947368421
replace,38,1,0.02631578947368421
wonder,38,1,0.02631578947368421
glow,38,1,0.02631578947368421
rescue,38,1,0.02631578947368421
habit,38,1,0.02631578947368421
dart,38,1,0.02631578947368421
faint,38,1,0.02631578947368421
trophy,38,1,0.02631578947368421
develop,77,2,0.025974025974025976
oral,39,1,0.02564102564102564
excuse,39,1,0.02564102564102564
early,39,1,0.02564102564102564
faculty,39,1,0.02564102564102564
soup,39,1,0.02564102564102564
and,39,1,0.02564102564102564
dissolve,39,1,0.02564102564102564
goal,39,1,0.02564102564102564
ruin,39,1,0.02564102564102564
sculpture,39,1,0.02564102564102564
his,39,1,0.02564102564102564
parallel,39,1,0.02564102564102564
attention,39,1,0.02564102564102564
yourself,40,1,0.025
pumpkin,40,1,0.025
breakfast,80,2,0.025
burn,40,1,0.025
roof,40,1,0.025
melt,40,1,0.025
together,40,1,0.025
toothbrush,40,1,0.025
promote,40,1,0.025
finance,40,1,0.025
admire,40,1,0.025
translate,40,1,0.025
death,40,1,0.025
influence,40,1,0.025
suck,40,1,0.025
normal,40,1,0.025
knock,41,1,0.024390243902439025
crash,41,1,0.024390243902439025
workshop,41,1,0.024390243902439025
fair,41,1,0.024390243902439025
invite,41,1,0.024390243902439025
click,41,1,0.024390243902439025
same,82,2,0.024390243902439025
experiment,41,1,0.024390243902439025
apart,41,1,0.024390243902439025
shop,83,2,0.024096385542168676
cheat,83,2,0.024096385542168676
deny,42,1,0.023809523809523808
building,42,1,0.023809523809523808
mushroom,42,1,0.023809523809523808
access,42,1,0.023809523809523808
argue,42,1,0.023809523809523808
week,42,1,0.023809523809523808
tan,42,1,0.023809523809523808
lawyer,42,1,0.023809523809523808
not,42,1,0.023809523809523808
punish,42,1,0.023809523809523808
lesbian,42,1,0.023809523809523808
war,42,1,0.023809523809523808
busy,42,1,0.023809523809523808
member,42,1,0.023809523809523808
muscle,42,1,0.023809523809523808
battery,43,1,0.023255813953488372
dictionary,43,1,0.023255813953488372
senate,43,1,0.023255813953488372
boyfriend,43,1,0.023255813953488372
wolf,43,1,0.023255813953488372
ticket,43,1,0.023255813953488372
independent,43,1,0.023255813953488372
process,43,1,0.023255813953488372
monster,43,1,0.023255813953488372
safe,43,1,0.023255813953488372
surprise,43,1,0.023255813953488372
other,43,1,0.023255813953488372
tent,44,1,0.022727272727272728
cabinet,44,1,0.022727272727272728
tradition,44,1,0.022727272727272728
burp,44,1,0.022727272727272728
rock,44,1,0.022727272727272728
audience,44,1,0.022727272727272728
rob,44,1,0.022727272727272728
old,44,1,0.022727272727272728
community,44,1,0.022727272727272728
work,44,1,0.022727272727272728
eraser,44,1,0.022727272727272728
wide,44,1,0.022727272727272728
sting,44,1,0.022727272727272728
street,44,1,0.022727272727272728
spider,44,1,0.022727272727272728
negative,44,1,0.022727272727272728
plate,44,1,0.022727272727272728
butterfly,44,1,0.022727272727272728
word,45,1,0.022222222222222223
team,45,1,0.022222222222222223
stir,45,1,0.022222222222222223
headache,45,1,0.022222222222222223
blood,45,1,0.022222222222222223
doll,45,1,0.022222222222222223
theory,45,1,0.022222222222222223
somersault,90,2,0.022222222222222223
energy,45,1,0.022222222222222223
ear,46,1,0.021739130434782608
bet,46,1,0.021739130434782608
from,46,1,0.021739130434782608
kill,46,1,0.021739130434782608
gay,46,1,0.021739130434782608
actor,46,1,0.021739130434782608
bracelet,46,1,0.021739130434782608
idea,47,1,0.02127659574468085
rude,47,1,0.02127659574468085
four,47,1,0.02127659574468085
kitchen,47,1,0.02127659574468085
smart,47,1,0.02127659574468085
drum,47,1,0.02127659574468085
grammar,47,1,0.02127659574468085
cook,47,1,0.02127659574468085
you,47,1,0.02127659574468085
escape,47,1,0.02127659574468085
hide,47,1,0.02127659574468085
father,47,1,0.02127659574468085
society,47,1,0.02127659574468085
bye,47,1,0.02127659574468085
caption,47,1,0.02127659574468085
inside,47,1,0.02127659574468085
none,47,1,0.02127659574468085
rough,47,1,0.02127659574468085
sit,47,1,0.02127659574468085
know,47,1,0.02127659574468085
again,48,1,0.020833333333333332
use,48,1,0.020833333333333332
tree,48,1,0.020833333333333332
college,48,1,0.020833333333333332
university,48,1,0.020833333333333332
sweep,48,1,0.020833333333333332
visit,48,1,0.020833333333333332
mouse,48,1,0.020833333333333332
monkey,49,1,0.02040816326530612
benefit,49,1,0.02040816326530612
out,49,1,0.02040816326530612
quiet,49,1,0.02040816326530612
giraffe,49,1,0.02040816326530612
age,49,1,0.02040816326530612
elephant,49,1,0.02040816326530612
airplane,49,1,0.02040816326530612
law,49,1,0.02040816326530612
tiger,49,1,0.02040816326530612
voice,49,1,0.02040816326530612
clash,49,1,0.02040816326530612
l,50,1,0.02
shoes,50,1,0.02
game,50,1,0.02
r,50,1,0.02
wear,50,1,0.02
ignore,50,1,0.02
important,50,1,0.02
e,50,1,0.02
s,50,1,0.02
above,50,1,0.02
friend,51,1,0.0196078431372549
up,51,1,0.0196078431372549
floor,51,1,0.0196078431372549
wrong,51,1,0.0196078431372549
count,51,1,0.0196078431372549
toast,51,1,0.0196078431372549
love,52,1,0.019230769230769232
retire,52,1,0.019230769230769232
yellow,52,1,0.019230769230769232
angry,52,1,0.019230769230769232
purple,52,1,0.019230769230769232
cereal,52,1,0.019230769230769232
on,52,1,0.019230769230769232
example,53,1,0.018867924528301886
pink,53,1,0.018867924528301886
save,53,1,0.018867924528301886
in,53,1,0.018867924528301886
fight,53,1,0.018867924528301886
bread,53,1,0.018867924528301886
dance,53,1,0.018867924528301886
football,54,1,0.018518518518518517
single,54,1,0.018518518518518517
cat,109,2,0.01834862385321101
orange,55,1,0.01818181818181818
character,55,1,0.01818181818181818
wow,56,1,0.017857142857142856
program,56,1,0.017857142857142856
key,56,1,0.017857142857142856
great,57,1,0.017543859649122806
dirty,58,1,0.017241379310344827
try,58,1,0.017241379310344827
why,58,1,0.017241379310344827
arm,117,2,0.017094017094017096
blanket,59,1,0.01694915254237288
drive,60,1,0.016666666666666666
fast,60,1,0.016666666666666666
man,61,1,0.01639344262295082
lick,62,1,0.016129032258064516
breakdown,64,1,0.015625
cross,129,2,0.015503875968992248
erupt,65,1,0.015384615384615385
axe,65,1,0.015384615384615385
buckle,65,1,0.015384615384615385
necklace,131,2,0.015267175572519083
hippo,66,1,0.015151515151515152
coach,67,1,0.014925373134328358
lamp,67,1,0.014925373134328358
open,68,1,0.014705882352941176
slide,68,1,0.014705882352941176
bite,69,1,0.014492753623188406
money,69,1,0.014492753623188406
eagle,69,1,0.014492753623188406
edit,70,1,0.014285714285714285
soccer,71,1,0.014084507042253521
dinosaur,72,1,0.013888888888888888
follow,144,2,0.013888888888888888
welcome,72,1,0.013888888888888888
relax,72,1,0.013888888888888888
honey,74,1,0.013513513513513514
boil,74,1,0.013513513513513514
clock,76,1,0.013157894736842105
model,78,1,0.01282051282051282
underwear,79,1,0.012658227848101266
erase,160,2,0.0125
belt,80,1,0.0125
city,82,1,0.012195121951219513
upset,83,1,0.012048192771084338
fall,83,1,0.012048192771084338
hat,84,1,0.011904761904761904
walk,86,1,0.011627906976744186
lock,96,1,0.010416666666666666
kangaroo,98,1,0.01020408163265306
shoulder,99,1,0.010101010101010102
sweater,100,1,0.01
oil,101,1,0.009900990099009901
patient,103,1,0.009708737864077669
stamp,104,1,0.009615384615384616
story,106,1,0.009433962264150943
mix,119,1,0.008403361344537815
slice,119,1,0.008403361344537815
jacket,135,1,0.007407407407407408
cool,152,1,0.006578947368421052
pile,31,0,0.0
sad,50,0,0.0
pipe,126,0,0.0
pie,43,0,0.0
rope,39,0,0.0
russia,46,0,0.0
pineapple,146,0,0.0
sail,66,0,0.0
rooster,35,0,0.0
picnic,32,0,0.0
rose,40,0,0.0
row,44,0,0.0
pillow,101,0,0.0
request,40,0,0.0
pirate,35,0,0.0
roommate,39,0,0.0
prison,38,0,0.0
priority,43,0,0.0
print,48,0,0.0
prince,37,0,0.0
react,35,0,0.0
priest,43,0,0.0
pride,43,0,0.0
pretty,40,0,0.0
recent,69,0,0.0
recite,36,0,0.0
record,33,0,0.0
recording,32,0,0.0
red,56,0,0.0
preacher,34,0,0.0
refrigerator,43,0,0.0
prayer,31,0,0.0
register,55,0,0.0
regular,40,0,0.0
relationship,41,0,0.0
razor,63,0,0.0
producesign,31,0,0.0
range,33,0,0.0
protest,34,0,0.0
puzzled,38,0,0.0
q,50,0,0.0
qm,31,0,0.0
quality,41,0,0.0
pullconvince,32,0,0.0
queen,41,0,0.0
psychology,44,0,0.0
psychologist,35,0,0.0
protection,31,0,0.0
rake,42,0,0.0
propose,41,0,0.0
rabbit,74,0,0.0
race,37,0,0.0
radio,46,0,0.0
propeller,31,0,0.0
rain,47,0,0.0
rainbow,42,0,0.0
raisin,34,0,0.0
religion,59,0,0.0
powder,33,0,0.0
pour,76,0,0.0
roast,41,0,0.0
pliers,33,0,0.0
rich,43,0,0.0
ride,73,0,0.0
please,48,0,0.0
playground,39,0,0.0
players,31,0,0.0
platform,32,0,0.0
river,68,0,0.0
planet,37,0,0.0
plummet,34,0,0.0
robot,39,0,0.0
rocket,62,0,0.0
pizzacutter,31,0,0.0
pizza,87,0,0.0
pitcher,38,0,0.0
rockingchair,60,0,0.0
pissedoff,31,0,0.0
roll,43,0,0.0
plug,63,0,0.0
plunger,34,0,0.0
remind,34,0,0.0
popcorn,41,0,0.0
potato,46,0,0.0
remotecontrol,31,0,0.0
possum,33,0,0.0
possible,42,0,0.0
porcupine,35,0,0.0
research,81,0,0.0
popular,40,0,0.0
pope,35,0,0.0
restallday,31,0,0.0
rhino,92,0,0.0
restaurant,46,0,0.0
poor,48,0,0.0
policy,43,0,0.0
restless,35,0,0.0
policeman,69,0,0.0
pole,38,0,0.0
pointindex,31,0,0.0
revenge,40,0,0.0
sailboat,33,0,0.0
steak,33,0,0.0
salad,41,0,0.0
tube,41,0,0.0
two,40,0,0.0
twins,65,0,0.0
tv,45,0,0.0
turtle,42,0,0.0
turnkey,32,0,0.0
turnaround,39,0,0.0
turban,32,0,0.0
tuesday,51,0,0.0
tty,34,0,0.0
vest,37,0,0.0
truck,68,0,0.0
triple,34,0,0.0
triangle,44,0,0.0
trash,35,0,0.0
transgender,34,0,0.0
traffic,45,0,0.0
tractor,35,0,0.0
toy,99,0,0.0
twomore,31,0,0.0
u,50,0,0.0
udder,31,0,0.0
umbrella,43,0,0.0
verb,40,0,0.0
vegetable,46,0,0.0
vanilla,34,0,0.0
vampire,41,0,0.0
valley,39,0,0.0
validate,33,0,0.0
vain,42,0,0.0
vagina,34,0,0.0
vacuum,36,0,0.0
vacation,41,0,0.0
upload,35,0,0.0
unicorn,32,0,0.0
undergraduate,34,0,0.0
under,42,0,0.0
uncle,45,0,0.0
uncertain,34,0,0.0
unaware,34,0,0.0
towel,42,0,0.0
tow,91,0,0.0
tournament,43,0,0.0
thinkover,31,0,0.0
thinkchin,31,0,0.0
things,34,0,0.0
thief,65,0,0.0
they,69,0,0.0
these,33,0,0.0
thermometer,44,0,0.0
there,44,0,0.0
therapy,41,0,0.0
that,42,0,0.0
thankyou,31,0,0.0
thanksgiving,54,0,0.0
than,40,0,0.0
text,41,0,0.0
tennis,42,0,0.0
tendyour,31,0,0.0
tendency,36,0,0.0
temptation,34,0,0.0
thinkconnect,31,0,0.0
thinkponder,31,0,0.0
tornado,40,0,0.0
third,81,0,0.0
topic,49,0,0.0
toomuch,31,0,0.0
tongue,42,0,0.0
tomorrow,47,0,0.0
tomato,48,0,0.0
tobacco,40,0,0.0
tissue,39,0,0.0
tiredof,31,0,0.0
tired,47,0,0.0
tiny,37,0,0.0
timetotime,31,0,0.0
tieup,59,0,0.0
tickle,34,0,0.0
thursday,43,0,0.0
thrilled,33,0,0.0
three,49,0,0.0
thirsty,47,0,0.0
veryinterested,32,0,0.0
vibrate,37,0,0.0
teeth,38,0,0.0
win,44,0,0.0
witch,72,0,0.0
wish,41,0,0.0
wise,33,0,0.0
winter,44,0,0.0
wine,41,0,0.0
windy,35,0,0.0
window,49,0,0.0
windmill,87,0,0.0
willgo,31,0,0.0
videocamera,59,0,0.0
wife,49,0,0.0
who,62,0,0.0
whiteperson,31,0,0.0
whistle,69,0,0.0
whisper,35,0,0.0
whip,39,0,0.0
while,46,0,0.0
which,40,0,0.0
with,49,0,0.0
without,44,0,0.0
woman,80,0,0.0
workout,32,0,0.0
zoo,35,0,0.0
zipper,38,0,0.0
zebra,37,0,0.0
z,50,0,0.0
yoyo,31,0,0.0
yesterday,54,0,0.0
yes,57,0,0.0
yeah,33,0,0.0
yay,31,0,0.0
yawn,123,0,0.0
x,50,0,0.0
writeonwall,31,0,0.0
wring,38,0,0.0
wrapup,58,0,0.0
wrap,46,0,0.0
worse,41,0,0.0
worry,39,0,0.0
where,48,0,0.0
wheelchair,37,0,0.0
wheelbarrow,33,0,0.0
warn,44,0,0.0
want,89,0,0.0
wand,33,0,0.0
walrus,32,0,0.0
wallet,41,0,0.0
walk-tightrope-cl,31,0,0.0
waiter,40,0,0.0
wade,61,0,0.0
vote,47,0,0.0
vomit,60,0,0.0
volunteer,42,0,0.0
volleyball,44,0,0.0
vlog,38,0,0.0
vitamins,31,0,0.0
visitor,38,0,0.0
violin,43,0,0.0
village,33,0,0.0
videophone,35,0,0.0
warm,45,0,0.0
wash,75,0,0.0
whatfor,85,0,0.0
washdishes,31,0,0.0
what,91,0,0.0
whale,45,0,0.0
wewillsee,31,0,0.0
wet,57,0,0.0
west,43,0,0.0
wednesday,51,0,0.0
wedding,44,0,0.0
weather,48,0,0.0
weak,47,0,0.0
we,45,0,0.0
wave,47,0,0.0
waterski,31,0,0.0
waterdrop,31,0,0.0
water,52,0,0.0
washmachine,31,0,0.0
washhands,31,0,0.0
washface,58,0,0.0
temperblowup,31,0,0.0
teenager,34,0,0.0
salt,45,0,0.0
sick,41,0,0.0
skateboarding,89,0,0.0
skate,39,0,0.0
sister,50,0,0.0
siren,39,0,0.0
since,42,0,0.0
silver,46,0,0.0
sign,58,0,0.0
sideburns,31,0,0.0
shy,43,0,0.0
socks,37,0,0.0
shrimp,44,0,0.0
shower,54,0,0.0
shorts,37,0,0.0
shortperson,31,0,0.0
shortdistance,31,0,0.0
shocked,31,0,0.0
shirt,82,0,0.0
shield,31,0,0.0
ski-ca,31,0,0.0
skill,37,0,0.0
slave,40,0,0.0
sled,65,0,0.0
social,37,0,0.0
soap,76,0,0.0
snowsuit,31,0,0.0
snowman,41,0,0.0
snowboard,35,0,0.0
snow,82,0,0.0
snorkel,37,0,0.0
snob,40,0,0.0
sneeze,70,0,0.0
sneakadventure,31,0,0.0
snap,39,0,0.0
snake,47,0,0.0
snail,32,0,0.0
smile,72,0,0.0
smellmoney,31,0,0.0
slipper,36,0,0.0
sleep,45,0,0.0
shelf,43,0,0.0
sheep,43,0,0.0
shave,158,0,0.0
scrub,33,0,0.0
scoop,35,0,0.0
scientist,40,0,0.0
science,44,0,0.0
school,54,0,0.0
scarf,120,0,0.0
scared,48,0,0.0
scan,39,0,0.0
saxophone,33,0,0.0
sausage,39,0,0.0
sauce,38,0,0.0
saturday,47,0,0.0
sarcastic,33,0,0.0
santa,33,0,0.0
sandwich,136,0,0.0
sametime,31,0,0.0
samesame,31,0,0.0
saltshaker,31,0,0.0
screwdriver,99,0,0.0
sculpt,33,0,0.0
sharpen,91,0,0.0
seal,38,0,0.0
sharp,65,0,0.0
shark,65,0,0.0
shampoo,37,0,0.0
shame,37,0,0.0
shake,77,0,0.0
sew,43,0,0.0
several,33,0,0.0
seven,46,0,0.0
setup,31,0,0.0
serious,44,0,0.0
sensitive,45,0,0.0
send,41,0,0.0
sell,40,0,0.0
self,31,0,0.0
seesee,31,0,0.0
secretary,47,0,0.0
secret,50,0,0.0
socialize,33,0,0.0
soft,46,0,0.0
technology,42,0,0.0
summer,48,0,0.0
supervisor,33,0,0.0
supervise,33,0,0.0
superior,34,0,0.0
sunset,43,0,0.0
sunday,53,0,0.0
sunbathe,60,0,0.0
sun,51,0,0.0
summon,40,0,0.0
summarize,33,0,0.0
softball,34,0,0.0
suckthumb,31,0,0.0
subtract,51,0,0.0
stupid,71,0,0.0
stumble,35,0,0.0
student,51,0,0.0
stubborn,40,0,0.0
structure,46,0,0.0
strong,49,0,0.0
surf,40,0,0.0
surgeon,39,0,0.0
surgery,42,0,0.0
sushi,33,0,0.0
tearrip,60,0,0.0
tear,34,0,0.0
teacher,48,0,0.0
teach,78,0,0.0
tea,47,0,0.0
takeoff,57,0,0.0
takenotes,31,0,0.0
takecare,32,0,0.0
t,50,0,0.0
system,41,0,0.0
sword,34,0,0.0
switzerland,43,0,0.0
swim,74,0,0.0
sweatpants,31,0,0.0
suspenders,57,0,0.0
suspend,40,0,0.0
suspect,45,0,0.0
stripe,33,0,0.0
strict,41,0,0.0
strawberry,135,0,0.0
spotsomething,31,0,0.0
spontaneous,33,0,0.0
spitout,31,0,0.0
specific,44,0,0.0
specialist,33,0,0.0
speakers,32,0,0.0
spain,45,0,0.0
spaghetti,36,0,0.0
spaceship,31,0,0.0
space,41,0,0.0
sow,32,0,0.0
south,44,0,0.0
sorry,39,0,0.0
sophomore,37,0,0.0
sophisticated,31,0,0.0
soon,82,0,0.0
sometimes,41,0,0.0
something,39,0,0.0
sports,31,0,0.0
square,44,0,0.0
straw,43,0,0.0
squareidiot,31,0,0.0
straight,43,0,0.0
stopwatch,33,0,0.0
stockings,31,0,0.0
stimulate,32,0,0.0
stethoscope,116,0,0.0
step,39,0,0.0
stayawake24hrs,31,0,0.0
stars,31,0,0.0
stare,45,0,0.0
starbucks,31,0,0.0
stapler,32,0,0.0
stand-up,31,0,0.0
stairs,43,0,0.0
stadium,43,0,0.0
stack,117,0,0.0
sshh,32,0,0.0
squirrel,40,0,0.0
pickle,40,0,0.0
1dollar,31,0,0.0
piano,41,0,0.0
delegate,40,0,0.0
deflate,37,0,0.0
defeat,38,0,0.0
deer,44,0,0.0
deep,49,0,0.0
dedicate,63,0,0.0
decorate,90,0,0.0
decide,75,0,0.0
deafschool,31,0,0.0
deaf,94,0,0.0
day,64,0,0.0
danger,41,0,0.0
cutremovevid,31,0,0.0
curtsey,59,0,0.0
curtain,42,0,0.0
curlyhair,31,0,0.0
curl,65,0,0.0
cup,47,0,0.0
culture,45,0,0.0
crossheart,31,0,0.0
crocodile,41,0,0.0
creditcard,32,0,0.0
degree,41,0,0.0
delicious,52,0,0.0
cranky,32,0,0.0
delinquent,35,0,0.0
disrupt,36,0,0.0
disney,35,0,0.0
dislike,39,0,0.0
discuss,45,0,0.0
disappoint,34,0,0.0
director,48,0,0.0
dip,100,0,0.0
dinner,80,0,0.0
dilemma,34,0,0.0
digup,31,0,0.0
differentsituation,31,0,0.0
different,53,0,0.0
diamond,50,0,0.0
destroy,40,0,0.0
desert,46,0,0.0
depth,33,0,0.0
depress,33,0,0.0
dependon,32,0,0.0
department,42,0,0.0
deodorant,41,0,0.0
dentist,77,0,0.0
crawl,62,0,0.0
cracker,70,0,0.0
distracted,33,0,0.0
commute,42,0,0.0
committee,46,0,0.0
comment,46,0,0.0
comeout,31,0,0.0
comehere,31,0,0.0
come,49,0,0.0
comb,78,0,0.0
cold,45,0,0.0
coins,31,0,0.0
coffee,49,0,0.0
coconut,42,0,0.0
cocaine,34,0,0.0
cocacola,32,0,0.0
clueless,38,0,0.0
clown,44,0,0.0
cloud,133,0,0.0
closeeyes,31,0,0.0
climbladder,31,0,0.0
client,38,0,0.0
cleftchin,31,0,0.0
claw,33,0,0.0
clause,32,0,0.0
communication,34,0,0.0
complex,45,0,0.0
crack,33,0,0.0
computer,49,0,0.0
cowboy,32,0,0.0
cow,49,0,0.0
coverup,32,0,0.0
cousin,47,0,0.0
counselor,38,0,0.0
cough,42,0,0.0
corner,49,0,0.0
corn,119,0,0.0
corkscrew,62,0,0.0
copy,52,0,0.0
cooperate,39,0,0.0
cookie,56,0,0.0
convince,74,0,0.0
contactlens,31,0,0.0
contact,43,0,0.0
connection,34,0,0.0
congratulations,42,0,0.0
confidential,31,0,0.0
confident,36,0,0.0
concerned,35,0,0.0
concept,39,0,0.0
dissect,32,0,0.0
dive,41,0,0.0
physics,42,0,0.0
eyeturn,31,0,0.0
eyes,35,0,0.0
explode,38,0,0.0
expensive,45,0,0.0
excited,43,0,0.0
everyyear,31,0,0.0
everything,37,0,0.0
everynight,31,0,0.0
everyday,35,0,0.0
even,40,0,0.0
europe,48,0,0.0
escalator,35,0,0.0
escalate,32,0,0.0
environment,48,0,0.0
envelope,153,0,0.0
enjoy,51,0,0.0
english,41,0,0.0
enginestart,31,0,0.0
engineer,44,0,0.0
enemy,37,0,0.0
empty,66,0,0.0
emphasis,34,0,0.0
eyesawake,31,0,0.0
f,50,0,0.0
embarrass,46,0,0.0
fade,32,0,0.0
fins,36,0,0.0
fingerspelling,37,0,0.0
fingerspell,33,0,0.0
finger,35,0,0.0
fillout,31,0,0.0
file,91,0,0.0
fifth,36,0,0.0
fiance,34,0,0.0
few,45,0,0.0
feedback,44,0,0.0
february,38,0,0.0
faucet,33,0,0.0
fat,53,0,0.0
fascinated,33,0,0.0
farm,45,0,0.0
far,46,0,0.0
fantasy,35,0,0.0
fan,36,0,0.0
famous,42,0,0.0
fallingasleep,32,0,0.0
fake,39,0,0.0
emotion,40,0,0.0
email,43,0,0.0
divorce,46,0,0.0
dressup,31,0,0.0
dream,45,0,0.0
drawer,44,0,0.0
dragon,37,0,0.0
downsize,62,0,0.0
download,38,0,0.0
downhill,33,0,0.0
doubt,43,0,0.0
double,49,0,0.0
door,52,0,0.0
donut,38,0,0.0
dontwant,31,0,0.0
dontmind,31,0,0.0
dontlike,31,0,0.0
dontknow,31,0,0.0
dontfeellike,31,0,0.0
donkey,34,0,0.0
dominant,32,0,0.0
dolphin,99,0,0.0
dog,131,0,0.0
dodo,32,0,0.0
doctor,86,0,0.0
dresser,35,0,0.0
drink,89,0,0.0
eleven,38,0,0.0
drown,155,0,0.0
elegance,33,0,0.0
electrician,43,0,0.0
either,40,0,0.0
eight,46,0,0.0
egypt,52,0,0.0
ego,34,0,0.0
eggbeater,32,0,0.0
egg,50,0,0.0
eclipse,32,0,0.0
easytodo,31,0,0.0
easter,46,0,0.0
east,44,0,0.0
easel,34,0,0.0
earthquake,42,0,0.0
earring,42,0,0.0
each,42,0,0.0
dye,39,0,0.0
dryer,35,0,0.0
dry,50,0,0.0
drunk,40,0,0.0
drug,40,0,0.0
clap,40,0,0.0
circuswheel,31,0,0.0
cigarette,41,0,0.0
beard,50,0,0.0
beanie,31,0,0.0
beach,39,0,0.0
bat,99,0,0.0
basketball,114,0,0.0
basket,68,0,0.0
basement,46,0,0.0
baseballcap,32,0,0.0
bark,107,0,0.0
bank,49,0,0.0
bandaid,58,0,0.0
bandage,41,0,0.0
banana,138,0,0.0
balloon,50,0,0.0
bald,48,0,0.0
bake,76,0,0.0
bag,83,0,0.0
badge,34,0,0.0
bad,60,0,0.0
bacon,46,0,0.0
backyard,33,0,0.0
backpack,78,0,0.0
beans,31,0,0.0
beaver,36,0,0.0
bachelor,36,0,0.0
bed,76,0,0.0
blinds,59,0,0.0
blind,48,0,0.0
bless,46,0,0.0
bleed,32,0,0.0
blank,42,0,0.0
biteonarm,31,0,0.0
bitch,34,0,0.0
bison,35,0,0.0
birthday,47,0,0.0
biology,42,0,0.0
binoculars,43,0,0.0
bib,31,0,0.0
best,37,0,0.0
berry,38,0,0.0
bend,39,0,0.0
bell,48,0,0.0
believe,73,0,0.0
beg,45,0,0.0
beer,44,0,0.0
bee,73,0,0.0
bedroom,47,0,0.0
backout,32,0,0.0
babysitter,40,0,0.0
cigar,35,0,0.0
angel,53,0,0.0
alphabet,42,0,0.0
allway,31,0,0.0
allover,31,0,0.0
allofsudden,32,0,0.0
allgone,31,0,0.0
alittlebit,31,0,0.0
alcohol,37,0,0.0
alaska,36,0,0.0
agreement,41,0,0.0
against,45,0,0.0
afternoon,49,0,0.0
africa,48,0,0.0
advertise,38,0,0.0
advantage,40,0,0.0
admit,45,0,0.0
accountant,43,0,0.0
accordion,34,0,0.0
absolutelynothing,31,0,0.0
a,50,0,0.0
9oclock,31,0,0.0
8hour,31,0,0.0
always,46,0,0.0
announce,43,0,0.0
b,49,0,0.0
anyone,36,0,0.0
awake,51,0,0.0
avoid,47,0,0.0
automatic,38,0,0.0
autism,65,0,0.0
australia,48,0,0.0
aunt,48,0,0.0
auditorium,31,0,0.0
attitude,44,0,0.0
atlanta,33,0,0.0
athlete,36,0,0.0
at,36,0,0.0
astronaut,34,0,0.0
assign,32,0,0.0
assembly,35,0,0.0
asia,46,0,0.0
article,42,0,0.0
army,38,0,0.0
arizona,40,0,0.0
archeology,33,0,0.0
april,40,0,0.0
apple,57,0,0.0
blond,36,0,0.0
blouse,33,0,0.0
blowcandle,58,0,0.0
chain,46,0,0.0
cemetery,43,0,0.0
cellphone,40,0,0.0
celery,34,0,0.0
ceiling,44,0,0.0
catholic,41,0,0.0
catepillar,31,0,0.0
casual,36,0,0.0
castle,124,0,0.0
carrot,108,0,0.0
carousel,33,0,0.0
cards,42,0,0.0
carbattery,31,0,0.0
capture,34,0,0.0
cape,31,0,0.0
canoe,36,0,0.0
cannot,43,0,0.0
cannon,34,0,0.0
candy,96,0,0.0
candle,42,0,0.0
cancer,64,0,0.0
cancellation,32,0,0.0
certificate,43,0,0.0
challenge,43,0,0.0
blowmind,31,0,0.0
channel,43,0,0.0
churn,33,0,0.0
church,47,0,0.0
christmas,79,0,0.0
chopsticks,31,0,0.0
chop,45,0,0.0
chocolate,50,0,0.0
china,45,0,0.0
chin,33,0,0.0
chimney,32,0,0.0
children,37,0,0.0
chicago,41,0,0.0
cherry,68,0,0.0
cherish,35,0,0.0
cheesegrater,32,0,0.0
cheese,46,0,0.0
cheerleader,63,0,0.0
cheek,36,0,0.0
cheap,50,0,0.0
chat,42,0,0.0
charge,50,0,0.0
chaos,34,0,0.0
canada,46,0,0.0
camping,41,0,0.0
camera,46,0,0.0
camel,38,0,0.0
breaktime,31,0,0.0
brainwash,34,0,0.0
brainstorm,38,0,0.0
braille,35,0,0.0
braids,32,0,0.0
bra,95,0,0.0
boxing,42,0,0.0
bowtie,31,0,0.0
bowling,79,0,0.0
bow,118,0,0.0
bottle,48,0,0.0
both,39,0,0.0
boston,33,0,0.0
boots,62,0,0.0
bolt,42,0,0.0
boilingmad,31,0,0.0
body,53,0,0.0
boat,50,0,0.0
board,32,0,0.0
blush,43,0,0.0
blur,36,0,0.0
brick,33,0,0.0
bridesmaid,33,0,0.0
bridge,75,0,0.0
buy,52,0,0.0
camcorder,31,0,0.0
calm,59,0,0.0
calltty,32,0,0.0
callattention,31,0,0.0
california,47,0,0.0
calendar,69,0,0.0
calculator,40,0,0.0
cafeteria,46,0,0.0
c,40,0,0.0
butter,46,0,0.0
brother,65,0,0.0
but,39,0,0.0
busted,34,0,0.0
bus,38,0,0.0
bury,130,0,0.0
bun,33,0,0.0
bumpy,31,0,0.0
buffalo,38,0,0.0
budget,38,0,0.0
brown,54,0,0.0
fired,37,0,0.0
fireman,67,0,0.0
first,42,0,0.0
meeting,38,0,0.0
mechanic,76,0,0.0
meat,71,0,0.0
me,39,0,0.0
mcdonalds,31,0,0.0
maybe,46,0,0.0
math,45,0,0.0
massage,35,0,0.0
mascara,34,0,0.0
marry,42,0,0.0
marionette,36,0,0.0
maple,33,0,0.0
many,43,0,0.0
major,41,0,0.0
mainstream,39,0,0.0
mailman,39,0,0.0
mail,67,0,0.0
maid,31,0,0.0
magnify,69,0,0.0
magnet,121,0,0.0
magic,42,0,0.0
magazine,40,0,0.0
medicine,46,0,0.0
megaphone,33,0,0.0
lungs,31,0,0.0
memorize,40,0,0.0
mop,60,0,0.0
moose,40,0,0.0
moon,45,0,0.0
month,44,0,0.0
monday,48,0,0.0
mock,37,0,0.0
mischievous,34,0,0.0
mirror,46,0,0.0
minute,65,0,0.0
minimum,65,0,0.0
mindturned,31,0,0.0
mime,33,0,0.0
milk,82,0,0.0
microwave,51,0,0.0
microscope,98,0,0.0
microphone,39,0,0.0
mexican,66,0,0.0
metaphor,37,0,0.0
metal,41,0,0.0
mess,31,0,0.0
memorizememorize,31,0,0.0
m,50,0,0.0
lunch,80,0,0.0
knitting,87,0,0.0
license,37,0,0.0
lettuce,74,0,0.0
letter,83,0,0.0
letmesee,31,0,0.0
letgo,31,0,0.0
lesson,40,0,0.0
lemon,77,0,0.0
left,44,0,0.0
leavealone,31,0,0.0
5dollars,32,0,0.0
leather,35,0,0.0
learnlesson,31,0,0.0
learn,41,0,0.0
leak,39,0,0.0
league,36,0,0.0
leaf,73,0,0.0
lazy,42,0,0.0
laydown,31,0,0.0
lawnmower,31,0,0.0
late,53,0,0.0
laptop,42,0,0.0
language,49,0,0.0
library,41,0,0.0
lickenvelope,60,0,0.0
lucky,42,0,0.0
lie,48,0,0.0
loyal,35,0,0.0
lousy,43,0,0.0
loud,44,0,0.0
losegame,31,0,0.0
lookat,31,0,0.0
lookappearance,32,0,0.0
longword,31,0,0.0
longline,31,0,0.0
long,49,0,0.0
lonely,40,0,0.0
lollipop,38,0,0.0
lobster,102,0,0.0
load,80,0,0.0
livingroom,31,0,0.0
list,48,0,0.0
lipstick,41,0,0.0
lipread,37,0,0.0
lion,45,0,0.0
linguistics,40,0,0.0
lightning,40,0,0.0
lighter,38,0,0.0
more,51,0,0.0
mosquito,41,0,0.0
motivation,63,0,0.0
party,79,0,0.0
parents,34,0,0.0
paragraph,36,0,0.0
parachute,97,0,0.0
papercutter,31,0,0.0
pants,79,0,0.0
pancake,35,0,0.0
pair,40,0,0.0
paintbrush,34,0,0.0
paint,50,0,0.0
pageant,35,0,0.0
page,47,0,0.0
p,50,0,0.0
own,35,0,0.0
overwhelmed,31,0,0.0
overtake,31,0,0.0
overnight,33,0,0.0
overlook,35,0,0.0
outside,51,0,0.0
our,40,0,0.0
ostrich,34,0,0.0
organization,36,0,0.0
park,43,0,0.0
passout,31,0,0.0
mountain,70,0,0.0
pay,49,0,0.0
photography,33,0,0.0
philadelphia,38,0,0.0
pharmacist,34,0,0.0
person,58,0,0.0
persistent,33,0,0.0
permission,32,0,0.0
perfume,74,0,0.0
perfect,40,0,0.0
percent,36,0,0.0
perceive,32,0,0.0
pepsi,36,0,0.0
pepper,51,0,0.0
penny,38,0,0.0
penguin,34,0,0.0
pencil,43,0,0.0
peg,92,0,0.0
peekaboo,34,0,0.0
peas,60,0,0.0
pear,40,0,0.0
peacock,36,0,0.0
peace,43,0,0.0
orangethroat,31,0,0.0
orangeeyes,31,0,0.0
or,41,0,0.0
option,34,0,0.0
nine,38,0,0.0
niece,44,0,0.0
next,50,0,0.0
new,51,0,0.0
never,43,0,0.0
neutral,44,0,0.0
nerve,34,0,0.0
nephew,42,0,0.0
needle,34,0,0.0
neck,45,0,0.0
navy,35,0,0.0
navel,33,0,0.0
naked,45,0,0.0
nailclipper,31,0,0.0
myself,41,0,0.0
mustache,45,0,0.0
must,40,0,0.0
museum,41,0,0.0
mummy,37,0,0.0
much,47,0,0.0
movedown,31,0,0.0
no,56,0,0.0
noise,33,0,0.0
nonsense,31,0,0.0
octopus,40,0,0.0
oops,31,0,0.0
ooh,32,0,0.0
onlyone,31,0,0.0
onion,47,0,0.0
onemore,59,0,0.0
ok,40,0,0.0
often,41,0,0.0
offthepoint,31,0,0.0
offhand,32,0,0.0
ocean,39,0,0.0
noon,76,0,0.0
nurse,48,0,0.0
notyet,31,0,0.0
notusedto,31,0,0.0
notinterested,31,0,0.0
notathing,31,0,0.0
nosebleed,34,0,0.0
nose,47,0,0.0
north,44,0,0.0
noose,32,0,0.0
label,44,0,0.0
knight,117,0,0.0
fish,56,0,0.0
grieve,37,0,0.0
greet,64,0,0.0
greece,49,0,0.0
gray,56,0,0.0
grapes,66,0,0.0
grandmother,49,0,0.0
grandfather,48,0,0.0
graduate,55,0,0.0
government,55,0,0.0
gotojail,31,0,0.0
gothrough,31,0,0.0
gossip,59,0,0.0
gorilla,41,0,0.0
goosebumps,31,0,0.0
goodygoody,31,0,0.0
gold,36,0,0.0
goingthroughahardtime,31,0,0.0
god,50,0,0.0
gobackandforth,31,0,0.0
goatee,32,0,0.0
goat,45,0,0.0
glue,67,0,0.0
grenade,32,0,0.0
grind,38,0,0.0
giveup,31,0,0.0
guillotine,59,0,0.0
hardofhearing,31,0,0.0
happy,49,0,0.0
hanukkah,41,0,0.0
hang,38,0,0.0
handsoap,31,0,0.0
hands,38,0,0.0
handcuffs,31,0,0.0
hamster,34,0,0.0
hammer,45,0,0.0
hamburger,45,0,0.0
halloween,79,0,0.0
hairdryer,87,0,0.0
hairdresser,32,0,0.0
haircut,37,0,0.0
hair,77,0,0.0
h,49,0,0.0
gym,38,0,0.0
gun,102,0,0.0
gum,40,0,0.0
guitar,44,0,0.0
guilty,44,0,0.0
glass,106,0,0.0
gettogether,31,0,0.0
knife,77,0,0.0
freeze,46,0,0.0
freedom,33,0,0.0
freckles,31,0,0.0
freakout,31,0,0.0
fraud,42,0,0.0
fraction,39,0,0.0
former,39,0,0.0
fork,132,0,0.0
forgetful,34,0,0.0
forfeit,32,0,0.0
forever,75,0,0.0
foreigner,65,0,0.0
forbid,48,0,0.0
fond,35,0,0.0
focus,31,0,0.0
fly,49,0,0.0
flute,44,0,0.0
flipswitch,31,0,0.0
flipflops,31,0,0.0
flashlight,122,0,0.0
flag,75,0,0.0
fishing,72,0,0.0
freeway,39,0,0.0
frenchfries,31,0,0.0
getthrough,31,0,0.0
friday,47,0,0.0
getinbed,31,0,0.0
gesture,34,0,0.0
germany,45,0,0.0
generation,43,0,0.0
gate,36,0,0.0
gas,40,0,0.0
garlic,33,0,0.0
garage,41,0,0.0
gallaudet,40,0,0.0
g,50,0,0.0
furniture,36,0,0.0
fun,39,0,0.0
fry,33,0,0.0
fruit,48,0,0.0
frown,65,0,0.0
front,51,0,0.0
frog,50,0,0.0
frisk,35,0,0.0
fringe,36,0,0.0
friendsnomore,31,0,0.0
friendly,45,0,0.0
hatch,65,0,0.0
hate,37,0,0.0
have,38,0,0.0
iron,97,0,0.0
invisible,34,0,0.0
intuitive,31,0,0.0
interview,48,0,0.0
intervene,35,0,0.0
interpreter,41,0,0.0
interested,31,0,0.0
intentional,32,0,0.0
intelligent,32,0,0.0
insult,37,0,0.0
institute,41,0,0.0
instinct,34,0,0.0
instead,40,0,0.0
instagram,35,0,0.0
inspiring,31,0,0.0
innocent,41,0,0.0
indian,36,0,0.0
incredible,33,0,0.0
inch,41,0,0.0
impossible,48,0,0.0
immerse,33,0,0.0
if,44,0,0.0
iphone,33,0,0.0
isolated,31,0,0.0
hawaii,45,0,0.0
israel,47,0,0.0
kneel,38,0,0.0
kitten,34,0,0.0
kite,62,0,0.0
kissfist,31,0,0.0
kiss,99,0,0.0
kindergarten,37,0,0.0
kick,71,0,0.0
junior,43,0,0.0
juice,71,0,0.0
juggle,31,0,0.0
join,40,0,0.0
jigsawpuzzle,31,0,0.0
jewish,38,0,0.0
jellyfish,35,0,0.0
jelly,32,0,0.0
jealous,48,0,0.0
jar,38,0,0.0
japan,48,0,0.0
j,50,0,0.0
itch,33,0,0.0
italy,42,0,0.0
identity,38,0,0.0
icecream,31,0,0.0
ice,37,0,0.0
hypocrite,36,0,0.0
holdhands,31,0,0.0
holdaccountable,31,0,0.0
hoe,31,0,0.0
hockey,43,0,0.0
hitchhike,33,0,0.0
history,47,0,0.0
hinge,34,0,0.0
highlighter,31,0,0.0
here,48,0,0.0
hen,31,0,0.0
helmet,74,0,0.0
hello,46,0,0.0
hell,41,0,0.0
helicopter,107,0,0.0
heaven,38,0,0.0
heartbody,31,0,0.0
hearingaid,31,0,0.0
headphones,31,0,0.0
headgrind,31,0,0.0
headcold,31,0,0.0
he,38,0,0.0
holdtogether,31,0,0.0
holiday,32,0,0.0
holy,41,0,0.0
how,86,0,0.0
husband,51,0,0.0
hurricane,39,0,0.0
hurdle-trip,60,0,0.0
hunt,44,0,0.0
hungry,44,0,0.0
hundred,48,0,0.0
humor,37,0,0.0
hummingbird,33,0,0.0
howl,33,0,0.0
house,48,0,0.0
homework,41,0,0.0
hour,51,0,0.0
hotel,36,0,0.0
hotdog,42,0,0.0
hospital,80,0,0.0
hose,38,0,0.0
horse,43,0,0.0
hoodie,59,0,0.0
hood,32,0,0.0
honk,33,0,0.0
zoomoff,32,0,0.0
