word,n_files
1dollar,31
5dollars,32
8hour,31
9oclock,31
TRUE,42
a,50
abbreviate,38
about,70
above,50
absolutelynothing,31
accent,47
accept,47
access,42
accident,53
accomplish,42
accordion,34
accountant,43
achromatic,32
acquire,46
act,48
action,46
actor,46
add,76
addict,38
address,61
adjust,44
admire,40
admit,45
adopt,43
adult,48
advantage,40
advertise,38
africa,48
after,61
afternoon,49
again,48
against,45
age,49
agency,38
agreement,41
airplane,49
alarm,54
alaska,36
alcohol,37
align,36
alittlebit,31
all,59
all but,37
allgone,31
allofsudden,32
allover,31
allway,31
almost,43
alone,51
alphabet,42
alright,42
always,46
amazing,50
america,55
analyze,52
and,39
angel,53
angry,52
animal,99
animate being,58
announce,43
answer,51
any,48
anyone,36
apart,41
apparel,33
appear,50
apple,57
appointment,42
april,40
archeology,33
area,67
argue,42
arizona,40
arm,117
army,38
arrest,102
arrive,42
art,47
article,42
asia,46
ask,63
assembly,35
assign,32
assist,64
assistant,42
astronaut,34
at,36
athlete,36
atlanta,33
attention,39
attitude,44
audience,44
auditorium,31
aunt,48
australia,48
autism,65
automatic,38
average,52
avoid,47
awake,51
award,48
away,65
awkward,52
axe,65
b,49
baby,99
babysitter,40
bachelor,36
back,75
backbone,35
backout,32
backpack,78
backup,58
backyard,33
bacon,46
bad,60
badge,34
bag,83
bake,76
balance,61
bald,48
ball,65
balloon,50
banana,138
bandage,41
bandaid,58
bank,49
bar,56
barely,50
bark,107
baseball,40
baseballcap,32
basement,46
basic,41
basket,68
basketball,114
bat,99
batch,52
bath,54
bathroom,63
bathtub,35
battery,43
beach,39
beak,37
beanie,31
beans,31
bear,62
beard,50
beast,59
beat,67
beaver,36
because,48
become,40
bed,76
bedroom,47
bee,73
beer,44
before,77
beg,45
behavior,43
behind,57
believe,73
bell,48
belt,80
bend,39
benefit,49
berry,38
best,37
bet,46
better,52
between,39
bib,31
bicycle,65
big,72
bike,37
bind,36
binoculars,43
biology,42
bird,54
birth,38
birthday,47
bison,35
bitch,34
bite,69
biteonarm,31
black,66
blame,49
blank,42
blanket,59
bleed,32
bless,46
blind,48
blinds,59
blink,40
blond,36
blood,45
bloom,42
blouse,33
blow,82
blowcandle,58
blowmind,31
blue,63
blur,36
blush,43
board,32
boat,50
body,53
boil,74
boilingmad,31
bolt,42
bomb,45
bone,42
book,63
boots,62
bored,75
borrow,44
boss,45
boston,33
both,39
bother,64
bottle,48
bottom,63
bounce,52
bound,46
bow,118
bowl,43
bowling,79
bowtie,31
box,53
boxing,42
boy,64
boyfriend,43
bra,95
bracelet,46
brag,51
braids,32
braille,35
brain,31
brainstorm,38
brainwash,34
brave,48
bread,53
break,96
breakdown,64
breakfast,80
breaktime,31
breathe,47
brick,33
bridesmaid,33
bridge,75
bright,54
bring,67
bring down,39
brother,65
brown,54
brush,59
brute,58
buckle,65
budget,38
buffalo,38
bug,53
building,42
bull,50
bullshit,37
bumpy,31
bun,33
burn,40
burp,44
bury,130
bus,38
business,67
busted,34
busy,42
but,39
butter,46
butterfly,44
buy,52
bye,47
c,40
cabinet,44
cafeteria,46
cake,53
calculator,40
calendar,69
california,47
call,94
callattention,31
calltty,32
calm,59
camcorder,31
camel,38
camera,46
camping,41
can,86
canada,46
cancel,75
cancellation,32
cancer,64
candle,42
candy,96
cannon,34
cannot,43
canoe,36
cape,31
caption,47
capture,34
car,60
carbattery,31
cards,42
careful,50
carousel,33
carrot,108
carry,47
carve,36
castle,124
casual,36
cat,109
catapult,37
catch,155
category,44
catepillar,31
catholic,41
cause,56
ceiling,44
celebrate,38
celery,34
cellphone,40
cemetery,43
center,69
cereal,52
certificate,43
chain,46
chair,52
challenge,43
champ,36
champion,52
chance,55
change,62
channel,43
chaos,34
character,55
charge,50
chase,45
chat,42
cheap,50
cheat,83
check,69
cheek,36
cheer,37
cheerleader,63
cheese,46
cheesegrater,32
cherish,35
cherry,68
chew,128
chicago,41
child,69
children,37
chimney,32
chin,33
china,45
chocolate,50
choke,51
chop,45
chopsticks,31
christmas,79
church,47
churn,33
cigar,35
cigarette,41
circle,56
circuswheel,31
city,82
clap,40
clash,49
class,71
clause,32
claw,33
clean,59
clear,61
cleftchin,31
click,41
client,38
climbladder,31
clip,70
clock,76
close,72
closeeyes,31
closet,80
clothes,64
cloud,133
clown,44
clueless,38
coach,67
cocacola,32
cocaine,34
coconut,42
coffee,49
coins,31
cold,45
college,48
color,67
comb,78
come,49
comehere,31
comeout,31
comfortable,53
comment,46
committee,46
communication,34
community,44
commute,42
compass,43
complain,44
complex,45
computer,49
concept,39
concerned,35
conduct,103
confident,36
confidential,31
conflict,42
confused,74
congratulations,42
connection,34
consume,44
contact,43
contactlens,31
continue,48
contribute,32
convince,74
cook,47
cookie,56
cool,152
cooperate,39
copy,52
corkscrew,62
corn,119
corner,49
correct,54
cost,46
couch,45
cough,42
counselor,38
count,51
country,70
cousin,47
coverup,32
cow,49
cowboy,32
crack,33
cracker,70
cranky,32
crash,41
crawl,62
crazy,45
cream,77
create,49
creature,58
creditcard,32
crocodile,41
cross,129
crossheart,31
crown,54
crumple,35
cry,149
culture,45
cup,47
curious,43
curl,65
curlyhair,31
curtain,42
curtsey,59
cut,82
cut back,33
cut down,36
cute,73
cutremovevid,31
cycle,32
d,50
damn,38
dance,53
dancer,36
danger,41
dark,102
dart,38
date,54
daughter,48
day,64
deaf,94
deafschool,31
deal,73
death,40
decide,75
decline,48
decorate,90
dedicate,63
deep,49
deer,44
defeat,38
deflate,37
degree,41
delegate,40
deliberate,36
delicious,52
delinquent,35
demand,81
demote,36
dentist,77
deny,42
deodorant,41
department,42
dependon,32
depress,33
depth,33
desert,46
design,52
dessert,46
destroy,40
develop,77
devil,66
devour,36
diamond,50
diaper,42
dice,38
dictionary,43
die,51
different,53
differentsituation,31
dig,62
digup,31
dilemma,34
dinner,80
dinosaur,72
dip,100
director,48
dirty,58
disappear,55
disappoint,34
disconnect,45
discuss,45
dislike,39
disney,35
dispatch,34
disrupt,36
dissect,32
dissolve,39
distracted,33
dive,41
divide,53
divorce,46
dizzy,45
doctor,86
document,43
dodo,32
dog,131
doll,45
dolphin,99
dominant,32
donkey,34
dontfeellike,31
dontknow,31
dontlike,31
dontmind,31
dontwant,31
donut,38
door,52
dormitory,40
double,49
doubt,43
down,72
downhill,33
download,38
downsize,62
drag,78
dragon,37
draw,63
drawer,44
dream,45
dress,83
dresser,35
dressup,31
dribble,40
drill,56
drink,89
drip,37
drive,60
drop,68
drown,155
drug,40
drum,47
drunk,40
dry,50
dryer,35
duck,88
due,41
dumb,42
duty,42
dye,39
e,50
each,42
eagle,69
ear,46
early,39
earn,39
earring,42
earth,75
earthquake,42
easel,34
east,44
easter,46
easy,51
easytodo,31
eat,86
eclipse,32
edge,45
edit,70
effect,46
egg,50
eggbeater,32
ego,34
egypt,52
eight,46
either,40
electrician,43
elegance,33
elephant,49
elevator,102
eleven,38
email,43
embarrass,46
emotion,40
emphasis,34
empty,66
end,65
enemy,37
energy,45
engagement,38
engineer,44
enginestart,31
english,41
enjoy,51
enough,40
enter,52
envelope,153
environment,48
equal,46
erase,160
eraser,44
erupt,65
escalate,32
escalator,35
escape,47
europe,48
evaluate,45
even,40
event,58
everyday,35
everynight,31
everything,37
everyyear,31
evidence,45
example,53
excited,43
excuse,39
exercise,61
expect,51
expensive,45
experience,57
experiment,41
expert,45
explanation,35
explode,38
express,39
eyeglasses,51
eyes,35
eyesawake,31
eyeturn,31
f,50
face,59
faculty,39
fade,32
fail,56
faint,38
fair,41
fake,39
fall,83
fallingasleep,32
family,58
famous,42
fan,36
fantasy,35
far,46
farm,45
fascinated,33
fashion,44
fast,60
fat,53
father,47
faucet,33
fault,54
favorite,43
february,38
feed,77
feedback,44
feel,55
fence,82
fencing,40
few,45
fiance,34
fifth,36
fight,53
figure,60
file,91
fillout,31
film,56
filter,36
finally,44
finance,40
find,55
fine,98
finger,35
fingerspell,33
fingerspelling,37
finish,73
fins,36
fire,47
fired,37
fireman,67
first,42
fish,56
fishing,72
fit,40
fix,49
flag,75
flashlight,122
flip,42
flipflops,31
flipswitch,31
float,107
floor,51
flower,53
flute,44
fly,49
focus,31
fold,74
follow,144
fond,35
fool,44
football,54
for,47
forbid,48
foreigner,65
forest,45
forever,75
forfeit,32
forgetful,34
fork,132
form,78
former,39
foul,59
four,47
fourth,59
fox,49
fraction,39
frame,40
france,45
fraud,42
freakout,31
freckles,31
free,46
freedom,33
freeway,39
freeze,46
french,39
frenchfries,31
friday,47
friend,51
friendly,45
friendsnomore,31
fringe,36
frisk,35
frog,50
from,46
front,51
frown,65
fruit,48
frustrate,35
fry,33
full,55
fun,39
function,52
funny,47
furniture,36
future,49
g,50
gallaudet,40
gamble,43
game,50
garage,41
garlic,33
gas,40
gate,36
gay,46
generation,43
germany,45
gesture,34
get,87
get down,36
getinbed,31
getthrough,31
gettogether,31
ghost,54
gift,54
giraffe,49
girl,60
give,62
giveup,31
glass,106
glasses,55
glove,44
gloves,130
glow,38
glue,67
go,98
goal,39
goat,45
goatee,32
gobackandforth,31
god,50
goingthroughahardtime,31
gold,36
golf,45
gone,48
good,66
good deal,51
goodygoody,31
goosebumps,31
gorilla,41
gossip,59
gothrough,31
gotojail,31
government,55
grab,64
grade,50
graduate,55
grammar,47
grandfather,48
grandmother,49
grapes,66
grasp,43
grass,48
gray,56
great,57
great deal,51
greece,49
green,56
greet,64
grenade,32
grieve,37
grind,38
ground,41
group,50
grow,48
guess,78
guide,53
guillotine,59
guilty,44
guitar,44
gullible,35
gum,40
gun,102
gym,38
h,49
habit,38
hair,77
haircut,37
hairdresser,32
hairdryer,87
half,44
hall,49
halloween,79
hamburger,45
hammer,45
hamster,34
handcuffs,31
hands,38
handsoap,31
handsome,130
hang,38
hanukkah,41
happen,45
happy,49
hard,56
hardofhearing,31
harmonica,37
harp,41
hat,84
hatch,65
hate,37
hatful,51
have,38
hawaii,45
he,38
head,78
headache,45
headcold,31
headgrind,31
headphones,31
health,43
heap,87
hear,74
hearing,52
hearingaid,31
heart,66
heartbody,31
heaven,38
heavy,58
helicopter,107
hell,41
hello,46
helmet,74
help,75
hen,31
here,48
hide,47
high,45
highlighter,31
highschool,35
hinge,34
hippo,66
his,39
history,47
hit,88
hitchhike,33
hockey,43
hoe,31
hold,103
holdaccountable,31
holdhands,31
holdtogether,31
holiday,32
holy,41
home,58
homework,41
honest,39
honey,74
honk,33
honor,53
hood,32
hoodie,59
hop,43
hope,52
horrible,39
horse,43
hose,38
hospital,80
hot,62
hotdog,42
hotel,36
hour,51
house,48
how,86
howl,33
hug,54
humble,57
hummingbird,33
humor,37
hundred,48
hungry,44
hunt,44
hurdle-trip,60
hurricane,39
hurry,45
hurt,65
husband,51
hypocrite,36
i,50
ice,37
icecream,31
idea,47
identity,38
if,44
ignore,50
imagine,70
immature,44
immerse,33
impact,39
important,50
impossible,48
impress,36
improve,50
in,53
inch,41
incredible,33
independent,43
indian,36
inept,39
infection,40
influence,40
inhale,36
inject,38
innocent,41
inside,47
inspire,51
inspiring,31
instagram,35
instead,40
instinct,34
institute,41
insult,37
insurance,40
intelligent,32
intentional,32
interest,43
interested,31
internet,45
interpret,46
interpreter,41
intervene,35
interview,48
introduce,45
intuitive,31
invest,59
invisible,34
invite,41
iphone,33
iron,97
island,39
isolated,31
israel,47
italy,42
itch,33
j,50
jacket,135
japan,48
jar,38
jealous,48
jelly,32
jellyfish,35
jewelry,44
jewish,38
jigsawpuzzle,31
job,36
join,40
joke,60
journey,38
judge,56
juggle,31
juice,71
jump,65
junior,43
just about,57
k,50
kangaroo,98
keep,48
key,56
keyboard,43
kick,71
kid,37
kill,46
kindergarten,37
king,53
kiss,99
kissfist,31
kitchen,47
kite,62
kitten,34
kneel,38
knife,77
knight,117
knitting,87
knock,41
know,47
l,50
label,44
lamp,67
land,58
language,49
laptop,42
large,33
last,45
late,53
later,62
laugh,67
law,49
lawnmower,31
lawyer,42
laydown,31
lazy,42
lead,50
leaf,73
league,36
leak,39
learn,41
learnlesson,31
leather,35
leave,59
leavealone,31
lecture,52
left,44
lemon,77
lend,60
lesbian,42
less,39
lesson,40
letgo,31
letmesee,31
letter,83
lettuce,74
library,41
license,37
lick,62
lickenvelope,60
lie,48
lift,101
light,73
lighter,38
lightning,40
like,53
line,77
linguistics,40
lion,45
lipread,37
lipstick,41
list,48
listen,46
live,87
livingroom,31
load,80
lobster,102
lock,96
locker,34
lollipop,38
lonely,40
long,49
longline,31
longword,31
lookappearance,32
lookat,31
lose,62
losegame,31
lost,43
lot,79
loud,44
lousy,43
love,52
loyal,35
luck,42
lucky,42
lunch,80
lungs,31
m,50
machine,65
mad,49
magazine,40
magic,42
magnet,121
magnify,69
maid,31
mail,67
mailman,39
mainstream,39
major,41
make,74
man,61
manage,44
many,43
maple,33
march,56
marionette,36
marry,42
mascara,34
massage,35
match,54
math,45
maybe,46
mcdonalds,31
me,39
mean,92
measure,86
meat,71
mechanic,76
medicine,46
meditate,105
meet,50
meeting,38
megaphone,33
melon,34
melt,40
member,42
memorize,40
memorizememorize,31
mention,47
mess,31
metal,41
metaphor,37
mexican,66
mickle,51
microphone,39
microscope,98
microwave,51
middle,49
milk,82
mime,33
mind,69
mindturned,31
mine,46
minimum,65
mint,52
minute,65
mirror,46
mischievous,34
miss,68
misunderstand,38
mix,119
mock,37
model,78
monday,48
money,69
monkey,49
monster,43
month,44
moon,45
moose,40
mop,60
more,51
morning,56
mosquito,41
most,75
mother,54
motivation,63
motorcycle,45
mountain,70
mouse,48
mouth,44
move,89
movedown,31
movie,88
much,47
muckle,51
mummy,37
murder,37
muscle,42
museum,41
mushroom,42
music,49
must,40
mustache,45
my,45
myself,41
n,50
nail,44
nailclipper,31
naked,45
name,57
napkin,52
navel,33
navy,35
near,77
nearly,37
neck,45
necklace,131
need,46
needle,34
negative,44
nephew,42
nerve,34
net,49
network,48
neutral,44
never,43
new,51
newspaper,42
next,50
nice,39
niece,44
nigh,37
night,87
nine,38
no,56
noise,33
none,47
nonsense,31
noon,76
noose,32
normal,40
north,44
nose,47
nosebleed,34
not,42
notathing,31
nothing,78
notinterested,31
notusedto,31
notyet,31
now,41
nurse,48
nut,74
o,50
obsess,46
obvious,33
ocean,39
octopus,40
off,63
offend,35
offhand,32
office,55
offthepoint,31
often,41
oil,101
ok,40
old,44
on,52
once,45
one,41
onemore,59
onion,47
onlyone,31
ooh,32
oops,31
open,68
opinion,77
opportunity,37
option,34
or,41
oral,39
orange,55
orangeeyes,31
orangethroat,31
order,80
organization,36
ostrich,34
other,43
our,40
out,49
outside,51
over,44
overlook,35
overnight,33
overtake,31
overwhelmed,31
owe,40
owl,40
own,35
p,50
pack,52
page,47
pageant,35
pain,37
paint,50
paintbrush,34
pair,40
pancake,35
pants,79
paper,60
papercutter,31
parachute,97
parade,42
paragraph,36
parallel,39
parents,34
park,43
party,79
pass,77
passout,31
passport,35
past,48
patient,103
pay,49
peace,43
peach,92
peacock,36
pear,40
peas,60
peck,88
peekaboo,34
peel,103
peg,92
pen,52
pencil,43
penguin,34
penis,33
penny,38
people,50
pepper,51
pepsi,36
perceive,32
percent,36
perfect,40
perfume,74
period,44
permission,32
persistent,33
person,58
perspective,44
persuade,37
pet,74
pharmacist,34
philadelphia,38
philosophy,53
phone,54
photography,33
physics,42
piano,41
pick,65
pickle,40
picnic,32
picture,61
pie,43
pig,56
pile,31
pill,39
pillow,101
pinch,68
pineapple,146
pink,53
pipe,126
pirate,35
pissedoff,31
pitcher,38
pity,42
pizza,87
pizzacutter,31
place,83
plain,46
plan,43
planet,37
plant,52
plate,44
platform,32
play,79
players,31
playground,39
please,48
plenty,90
pliers,33
plow,70
plug,63
plummet,34
plunger,34
plus,43
point,79
pointindex,31
pole,38
policeman,69
policy,43
polish,46
ponder,43
poop,38
poor,48
pop,142
popcorn,41
pope,35
popular,40
porcupine,35
positive,39
possible,42
possum,33
postpone,43
potato,46
pour,76
powder,33
power,58
practice,59
prayer,31
preacher,34
precious,41
predict,43
prefer,40
pregnant,37
present,40
president,48
press,49
pretend,36
pretty,40
price,49
pride,43
priest,43
prince,37
principal,44
print,48
priority,43
prison,38
problem,79
process,43
producesign,31
program,56
project,50
promise,49
promote,40
proof,41
propeller,31
propose,41
protection,31
protest,34
provide,46
psychologist,35
psychology,44
public,40
pull,68
pullconvince,32
pumpkin,40
punish,42
purple,52
push,44
put,53
puzzled,38
q,50
qm,31
quality,41
quarter,59
queen,41
quiet,49
quit,50
quite a little,51
r,50
rabbit,74
race,37
radio,46
raft,52
rag,38
rain,47
rainbow,42
raisin,34
rake,42
range,33
rat,48
razor,63
reach,50
react,35
read,48
ready,50
really,47
reason,45
recent,69
recite,36
record,33
recording,32
red,56
reduce,79
reflect,46
refrigerator,43
refuse,58
register,55
regular,40
relationship,41
relax,72
release,50
relief,59
religion,59
remember,77
remind,34
remotecontrol,31
remove,45
replace,38
request,40
rescue,38
research,81
resent,33
resign,42
resist,39
respect,46
responsibility,43
rest,54
restallday,31
restaurant,46
restless,35
result,52
retire,52
retrieve,43
revenge,40
rhino,92
rich,43
ride,73
right,114
ring,59
risk,37
river,68
road,41
roar,68
roast,41
rob,44
robot,39
rock,44
rocket,62
rockingchair,60
role,42
roll,43
roof,40
room,51
roommate,39
rooster,35
rope,39
rose,40
rough,47
row,44
rude,47
ruin,39
rule,55
ruler,37
run,95
rush,48
russia,46
s,50
sad,50
safe,43
sail,66
sailboat,33
salad,41
salt,45
saltshaker,31
same,82
samesame,31
sametime,31
sandwich,136
santa,33
sarcastic,33
saturday,47
sauce,38
sausage,39
save,53
saw,70
saxophone,33
scan,39
scarcely,41
scared,48
scarf,120
school,54
science,44
scientist,40
scissors,44
scold,47
scoop,35
score,49
scout,37
scratch,33
scream,36
screwdriver,99
script,36
scrub,33
sculpt,33
sculpture,39
seal,38
secret,50
secretary,47
see,58
seem,49
seesee,31
select,35
self,31
sell,40
senate,43
send,41
sensitive,45
sentence,73
separate,36
sequence,39
serious,44
serve,78
set,65
set up,40
setup,31
seven,46
several,33
sew,43
shake,77
shame,37
shampoo,37
shape,49
share,48
shark,65
sharp,65
sharpen,91
shave,158
sheep,43
shelf,43
shield,31
shiny,36
shirt,82
shocked,31
shoes,50
shoot,85
shooting,35
shop,83
shortdistance,31
shortperson,31
shorts,37
shot,45
should,38
shoulder,99
shout,73
shovel,72
show,58
shower,54
shrimp,44
shy,43
sick,41
side,51
sideburns,31
sign,58
signature,36
silly,45
silver,46
since,42
sing,45
single,54
sink,55
siren,39
sister,50
sit,47
situation,43
six,45
skate,39
skateboarding,89
ski,35
ski-ca,31
skill,37
skin,44
skirt,59
skunk,45
slave,40
sled,65
sleep,45
slew,54
slice,119
slide,68
slingshot,33
slip,80
slipper,36
slow,62
small,70
smart,47
smell,44
smellmoney,31
smile,72
smoke,48
smoking,40
smooth,54
snail,32
snake,47
snap,39
sneakadventure,31
sneeze,70
snob,40
snorkel,37
snow,82
snowboard,35
snowman,41
snowsuit,31
so,40
soap,76
soccer,71
social,37
socialize,33
society,47
socks,37
soda,45
sofa,44
soft,46
softball,34
some,58
somersault,90
something,39
sometimes,41
son,53
soon,82
sophisticated,31
sophomore,37
sorry,39
sound,45
soup,39
sour,42
south,44
sow,32
space,41
spaceship,31
spaghetti,36
spain,45
spate,51
speakers,32
special,70
specialist,33
specific,44
spend,33
spicy,36
spider,44
spill,68
spitout,31
spontaneous,33
spoon,42
sports,31
spotsomething,31
spread,114
spring,80
square,44
squareidiot,31
squeeze,71
squirrel,40
sshh,32
stack,117
stadium,43
staff,43
stairs,43
stamp,104
stand,86
stand-up,31
stapler,32
star,49
starbucks,31
stare,45
stars,31
start,57
state,55
stay,49
stayawake24hrs,31
steak,33
steal,45
steam,34
step,39
stethoscope,116
sticky,40
still,48
stimulate,32
sting,44
stink,45
stir,45
stockings,31
stomach,55
stop,72
stopwatch,33
story,106
straight,43
strain,69
strange,44
strangle,33
straw,43
strawberry,135
street,44
stress,49
stretch,75
strict,41
string,37
stripe,33
strong,49
structure,46
struggle,52
stubborn,40
stuck,34
student,51
study,74
stumble,35
stupid,71
subtract,51
suck,40
suckthumb,31
suit,50
summarize,33
summer,48
summon,40
sun,51
sunbathe,60
sunday,53
sunrise,44
sunset,43
superior,34
supervise,33
supervisor,33
support,97
sure,42
surf,40
surgeon,39
surgery,42
surprise,43
sushi,33
suspect,45
suspend,40
suspenders,57
swallow,42
sweat,35
sweater,100
sweatpants,31
sweep,48
sweet,54
sweetheart,56
swim,74
swing,71
switzerland,43
sword,34
sympathy,41
system,41
t,50
table,50
tablet,36
tail,79
take,78
takecare,32
takenotes,31
takeoff,57
talk,90
tall,83
tan,42
tape,36
taste,38
tea,47
teach,78
teacher,48
team,45
tear,34
tearrip,60
tease,43
technology,42
teenager,34
teeth,38
tell,55
temperblowup,31
temptation,34
tendency,36
tendyour,31
tennis,42
tent,44
test,55
text,41
than,40
thanksgiving,54
thankyou,31
that,42
then,42
theory,45
therapy,41
there,44
thermometer,44
these,33
they,69
thief,65
thin,68
things,34
think,61
thinkchin,31
thinkconnect,31
thinkover,31
thinkponder,31
third,81
thirsty,47
three,49
thrilled,33
throw,81
thunder,36
thursday,43
ticket,43
tickle,34
tidy sum,51
tie,82
tieup,59
tiger,49
time,67
timetotime,31
tiny,37
tired,47
tiredof,31
tissue,39
to,38
toast,51
tobacco,40
today,48
together,40
toilet,56
tomato,48
tomorrow,47
tongue,42
toomuch,31
toothbrush,40
top,55
topic,49
tornado,40
toss,40
total,49
touch,46
tough,42
tournament,43
tow,91
towel,42
toy,99
tractor,35
tradition,44
traffic,45
train,54
transfer,47
transgender,34
translate,40
trash,35
travel,75
tree,48
triangle,44
trim,91
trim back,32
trim down,32
trip,74
triple,34
trophy,38
trouble,52
truck,68
truth,47
try,58
tty,34
tube,41
tuesday,51
turban,32
turkey,83
turn,54
turnaround,39
turnkey,32
turtle,42
tv,45
twins,65
twirl,37
two,40
twomore,31
type,75
u,50
udder,31
ugly,52
umbrella,43
unaware,34
uncertain,34
uncle,45
under,42
undergraduate,34
understand,47
underwear,79
unicorn,32
unique,43
universe,37
university,48
until,42
up,51
upload,35
upset,83
us,52
use,48
v,50
vacation,41
vacuum,36
vagina,34
vain,42
validate,33
valley,39
value,51
vampire,41
vanilla,34
vanish,46
vegetable,46
verb,40
very,40
veryinterested,32
vest,37
vibrate,37
videocamera,59
videophone,35
view,45
village,33
violin,43
virtually,37
vision,37
visit,48
visitor,38
visualize,38
vitamins,31
vlog,38
vocabulary,40
voice,49
volleyball,44
volunteer,42
vomit,60
vote,47
w,50
wad,73
wade,61
wait,57
waiter,40
walk,86
walk-tightrope-cl,31
wall,41
wallet,41
walrus,32
wand,33
wander,46
want,89
war,42
warm,45
warn,44
wash,75
washdishes,31
washface,58
washhands,31
washmachine,31
waste,48
watch,53
water,52
waterdrop,31
waterski,31
wave,47
way,48
we,45
weak,47
wear,50
weather,48
weave,40
wedding,44
wednesday,51
week,42
weekend,45
weigh,39
weight,42
weird,47
welcome,72
well,46
well-nigh,37
west,43
wet,57
wewillsee,31
whale,45
what,91
whatever,40
whatfor,85
wheel,62
wheelbarrow,33
wheelchair,37
when,48
where,48
which,40
while,46
whip,39
whisper,35
whistle,69
white,59
whiteperson,31
who,62
whole,52
whole lot,51
whole slew,51
why,58
wide,44
wife,49
will,44
willgo,31
win,44
wind,50
windmill,87
window,49
windy,35
wine,41
wink,42
winter,44
wise,33
wish,41
witch,72
with,49
without,44
wolf,43
woman,80
wonder,38
wood,44
word,45
work,44
workout,32
workshop,41
world,71
worm,48
worry,39
worse,41
wow,56
wrap,46
wrapup,58
wrestle,39
wring,38
wristwatch,97
write,60
writeonwall,31
wrong,51
x,50
y,50
yawn,123
yay,31
yeah,33
year,56
yellow,52
yes,57
yesterday,54
you,47
young,47
your,44
yourself,40
yoyo,31
yucky,37
z,50
zebra,37
zero,47
zipper,38
zoo,35
zoomoff,32
