word,n_eligible,n_listed
1dollar,1,31
5dollars,1,32
8hour,0,31
9oclock,1,31
TRUE,1,42
a,0,50
abbreviate,0,38
about,0,70
above,0,50
absolutelynothing,0,31
accent,3,47
accept,0,47
access,1,42
accident,0,53
accomplish,3,42
accordion,1,34
accountant,1,43
achromatic,0,32
acquire,2,46
act,3,48
action,0,46
actor,1,46
add,0,76
addict,0,38
address,1,61
adjust,0,44
admire,1,40
admit,1,45
adopt,0,43
adult,1,48
advantage,0,40
advertise,0,38
africa,1,48
after,1,61
afternoon,2,49
again,1,48
against,2,45
age,3,49
agency,1,38
agreement,1,41
airplane,2,49
alarm,2,54
alaska,1,36
alcohol,1,37
align,1,36
alittlebit,3,31
all,0,59
all but,0,37
allgone,2,31
allofsudden,1,32
allover,2,31
allway,2,31
almost,0,43
alone,1,51
alphabet,1,42
alright,2,42
always,0,46
amazing,2,50
america,3,55
analyze,0,52
and,0,39
angel,2,53
angry,1,52
animal,1,99
animate being,0,58
announce,1,43
answer,2,51
any,2,48
anyone,0,36
apart,0,41
apparel,0,33
appear,3,50
apple,2,57
appointment,0,42
april,0,40
archeology,1,33
area,1,67
argue,0,42
arizona,0,40
arm,0,117
army,0,38
arrest,0,102
arrive,0,42
art,3,47
article,2,42
asia,2,46
ask,0,63
assembly,0,35
assign,1,32
assist,0,64
assistant,1,42
astronaut,1,34
at,0,36
athlete,1,36
atlanta,0,33
attention,1,39
attitude,0,44
audience,0,44
auditorium,1,31
aunt,1,48
australia,1,48
autism,0,65
automatic,1,38
average,1,52
avoid,0,47
awake,0,51
award,1,48
away,2,65
awkward,0,52
axe,0,65
b,0,49
baby,0,99
babysitter,0,40
bachelor,2,36
back,0,75
backbone,0,35
backout,2,32
backpack,0,78
backup,0,58
backyard,0,33
bacon,2,46
bad,3,60
badge,1,34
bag,0,83
bake,0,76
balance,0,61
bald,0,48
ball,0,65
balloon,1,50
banana,0,138
bandage,0,41
bandaid,0,58
bank,1,49
bar,0,56
barely,0,50
bark,0,107
baseball,1,40
baseballcap,2,32
basement,0,46
basic,0,41
basket,0,68
basketball,0,114
bat,0,99
batch,0,52
bath,2,54
bathroom,2,63
bathtub,1,35
battery,2,43
beach,1,39
beak,1,37
beanie,1,31
beans,0,31
bear,0,62
beard,2,50
beast,0,59
beat,2,67
beaver,1,36
because,0,48
become,0,40
bed,0,76
bedroom,0,47
bee,0,73
beer,1,44
before,0,77
beg,0,45
behavior,1,43
behind,1,57
believe,0,73
bell,0,48
belt,0,80
bend,1,39
benefit,1,49
berry,2,38
best,0,37
bet,0,46
better,0,52
between,0,39
bib,1,31
bicycle,0,65
big,4,72
bike,0,37
bind,2,36
binoculars,2,43
biology,1,42
bird,4,54
birth,1,38
birthday,0,47
bison,2,35
bitch,0,34
bite,0,69
biteonarm,0,31
black,0,66
blame,0,49
blank,0,42
blanket,1,59
bleed,0,32
bless,0,46
blind,2,48
blinds,0,59
blink,2,40
blond,0,36
blood,2,45
bloom,2,42
blouse,0,33
blow,1,82
blowcandle,0,58
blowmind,0,31
blue,1,63
blur,1,36
blush,2,43
board,1,32
boat,1,50
body,2,53
boil,0,74
boilingmad,1,31
bolt,0,42
bomb,1,45
bone,1,42
book,0,63
boots,0,62
bored,0,75
borrow,1,44
boss,0,45
boston,1,33
both,1,39
bother,1,64
bottle,2,48
bottom,0,63
bounce,1,52
bound,0,46
bow,0,118
bowl,0,43
bowling,0,79
bowtie,0,31
box,0,53
boxing,2,42
boy,3,64
boyfriend,0,43
bra,0,95
bracelet,2,46
brag,1,51
braids,1,32
braille,0,35
brain,0,31
brainstorm,3,38
brainwash,2,34
brave,1,48
bread,0,53
break,0,96
breakdown,0,64
breakfast,0,80
breaktime,0,31
breathe,0,47
brick,0,33
bridesmaid,2,33
bridge,0,75
bright,1,54
bring,0,67
bring down,0,39
brother,2,65
brown,1,54
brush,1,59
brute,0,58
buckle,0,65
budget,1,38
buffalo,0,38
bug,1,53
building,0,42
bull,1,50
bullshit,2,37
bumpy,2,31
bun,2,33
burn,1,40
burp,2,44
bury,0,130
bus,0,38
business,1,67
busted,1,34
busy,3,42
but,0,39
butter,1,46
butterfly,0,44
buy,1,52
bye,1,47
c,0,40
cabinet,1,44
cafeteria,2,46
cake,0,53
calculator,0,40
calendar,0,69
california,1,47
call,0,94
callattention,0,31
calltty,2,32
calm,1,59
camcorder,1,31
camel,0,38
camera,0,46
camping,0,41
can,0,86
canada,2,46
cancel,0,75
cancellation,1,32
cancer,0,64
candle,0,42
candy,0,96
cannon,1,34
cannot,0,43
canoe,0,36
cape,0,31
caption,2,47
capture,1,34
car,2,60
carbattery,1,31
cards,0,42
careful,1,50
carousel,1,33
carrot,0,108
carry,0,47
carve,0,36
castle,0,124
casual,1,36
cat,0,109
catapult,0,37
catch,0,155
category,2,44
catepillar,0,31
catholic,1,41
cause,0,56
ceiling,3,44
celebrate,2,38
celery,1,34
cellphone,1,40
cemetery,0,43
center,1,69
cereal,0,52
certificate,1,43
chain,0,46
chair,1,52
challenge,1,43
champ,1,36
champion,1,52
chance,1,55
change,1,62
channel,1,43
chaos,1,34
character,0,55
charge,0,50
chase,2,45
chat,1,42
cheap,0,50
cheat,0,83
check,1,69
cheek,2,36
cheer,0,37
cheerleader,0,63
cheese,0,46
cheesegrater,0,32
cherish,1,35
cherry,0,68
chew,0,128
chicago,2,41
child,1,69
children,3,37
chimney,0,32
chin,1,33
china,2,45
chocolate,0,50
choke,0,51
chop,0,45
chopsticks,1,31
christmas,0,79
church,0,47
churn,0,33
cigar,2,35
cigarette,0,41
circle,2,56
circuswheel,0,31
city,0,82
clap,1,40
clash,0,49
class,1,71
clause,0,32
claw,1,33
clean,2,59
clear,0,61
cleftchin,2,31
click,1,41
client,0,38
climbladder,3,31
clip,2,70
clock,0,76
close,1,72
closeeyes,0,31
closet,0,80
clothes,2,64
cloud,0,133
clown,0,44
clueless,0,38
coach,1,67
cocacola,0,32
cocaine,0,34
coconut,1,42
coffee,2,49
coins,1,31
cold,1,45
college,1,48
color,1,67
comb,0,78
come,2,49
comehere,1,31
comeout,0,31
comfortable,1,53
comment,1,46
committee,0,46
communication,0,34
community,0,44
commute,2,42
compass,1,43
complain,0,44
complex,2,45
computer,1,49
concept,0,39
concerned,2,35
conduct,0,103
confident,0,36
confidential,1,31
conflict,2,42
confused,0,74
congratulations,0,42
connection,2,34
consume,0,44
contact,2,43
contactlens,4,31
continue,0,48
contribute,0,32
convince,0,74
cook,2,47
cookie,0,56
cool,0,152
cooperate,3,39
copy,0,52
corkscrew,0,62
corn,0,119
corner,1,49
correct,0,54
cost,1,46
couch,0,45
cough,0,42
counselor,2,38
count,0,51
country,1,70
cousin,0,47
coverup,1,32
cow,0,49
cowboy,1,32
crack,2,33
cracker,0,70
cranky,1,32
crash,0,41
crawl,0,62
crazy,0,45
cream,0,77
create,2,49
creature,0,58
creditcard,0,32
crocodile,1,41
cross,0,129
crossheart,2,31
crown,2,54
crumple,3,35
cry,0,149
culture,2,45
cup,0,47
curious,0,43
curl,0,65
curlyhair,1,31
curtain,0,42
curtsey,0,59
cut,0,82
cut back,0,33
cut down,0,36
cute,0,73
cutremovevid,2,31
cycle,0,32
d,0,50
damn,2,38
dance,1,53
dancer,0,36
danger,0,41
dark,0,102
dart,4,38
date,0,54
daughter,1,48
day,0,64
deaf,0,94
deafschool,3,31
deal,0,73
death,1,40
decide,0,75
decline,1,48
decorate,0,90
dedicate,0,63
deep,1,49
deer,0,44
defeat,0,38
deflate,1,37
degree,2,41
delegate,3,40
deliberate,0,36
delicious,0,52
delinquent,1,35
demand,0,81
demote,1,36
dentist,0,77
deny,0,42
deodorant,0,41
department,0,42
dependon,0,32
depress,2,33
depth,1,33
desert,1,46
design,0,52
dessert,0,46
destroy,0,40
develop,0,77
devil,0,66
devour,2,36
diamond,1,50
diaper,0,42
dice,0,38
dictionary,2,43
die,3,51
different,0,53
differentsituation,1,31
dig,2,62
digup,1,31
dilemma,1,34
dinner,0,80
dinosaur,0,72
dip,0,100
director,2,48
dirty,0,58
disappear,2,55
disappoint,0,34
disconnect,0,45
discuss,2,45
dislike,0,39
disney,1,35
dispatch,0,34
disrupt,1,36
dissect,1,32
dissolve,1,39
distracted,0,33
dive,1,41
divide,5,53
divorce,1,46
dizzy,0,45
doctor,0,86
document,1,43
dodo,0,32
dog,0,131
doll,3,45
dolphin,0,99
dominant,2,32
donkey,1,34
dontfeellike,1,31
dontknow,1,31
dontlike,1,31
dontmind,1,31
dontwant,1,31
donut,1,38
door,1,52
dormitory,0,40
double,0,49
doubt,1,43
down,1,72
downhill,0,33
download,2,38
downsize,0,62
drag,0,78
dragon,0,37
draw,1,63
drawer,0,44
dream,1,45
dress,0,83
dresser,1,35
dressup,0,31
dribble,0,40
drill,0,56
drink,0,89
drip,4,37
drive,1,60
drop,1,68
drown,0,155
drug,3,40
drum,0,47
drunk,1,40
dry,2,50
dryer,1,35
duck,0,88
due,1,41
dumb,0,42
duty,4,42
dye,1,39
e,0,50
each,3,42
eagle,0,69
ear,2,46
early,0,39
earn,2,39
earring,2,42
earth,0,75
earthquake,1,42
easel,1,34
east,2,44
easter,1,46
easy,0,51
easytodo,2,31
eat,0,86
eclipse,1,32
edge,0,45
edit,0,70
effect,1,46
egg,1,50
eggbeater,0,32
ego,1,34
egypt,1,52
eight,1,46
either,0,40
electrician,3,43
elegance,0,33
elephant,0,49
elevator,0,102
eleven,1,38
email,1,43
embarrass,2,46
emotion,3,40
emphasis,0,34
empty,0,66
end,3,65
enemy,0,37
energy,2,45
engagement,1,38
engineer,0,44
enginestart,1,31
english,0,41
enjoy,0,51
enough,3,40
enter,0,52
envelope,0,153
environment,0,48
equal,1,46
erase,0,160
eraser,1,44
erupt,0,65
escalate,1,32
escalator,1,35
escape,1,47
europe,2,48
evaluate,0,45
even,1,40
event,2,58
everyday,1,35
everynight,2,31
everything,1,37
everyyear,2,31
evidence,0,45
example,1,53
excited,2,43
excuse,0,39
exercise,1,61
expect,1,51
expensive,2,45
experience,2,57
experiment,0,41
expert,1,45
explanation,0,35
explode,0,38
express,0,39
eyeglasses,1,51
eyes,3,35
eyesawake,2,31
eyeturn,1,31
f,0,50
face,0,59
faculty,0,39
fade,0,32
fail,0,56
faint,1,38
fair,3,41
fake,1,39
fall,0,83
fallingasleep,0,32
family,1,58
famous,1,42
fan,2,36
fantasy,0,35
far,0,46
farm,0,45
fascinated,1,33
fashion,1,44
fast,0,60
fat,2,53
father,3,47
faucet,4,33
fault,1,54
favorite,0,43
february,0,38
feed,0,77
feedback,2,44
feel,0,55
fence,0,82
fencing,1,40
few,2,45
fiance,1,34
fifth,0,36
fight,1,53
figure,0,60
file,0,91
fillout,2,31
film,3,56
filter,2,36
finally,1,44
finance,1,40
find,0,55
fine,0,98
finger,1,35
fingerspell,3,33
fingerspelling,1,37
finish,1,73
fins,2,36
fire,0,47
fired,0,37
fireman,0,67
first,1,42
fish,0,56
fishing,0,72
fit,1,40
fix,2,49
flag,0,75
flashlight,0,122
flip,2,42
flipflops,0,31
flipswitch,0,31
float,0,107
floor,0,51
flower,1,53
flute,2,44
fly,2,49
focus,0,31
fold,0,74
follow,0,144
fond,0,35
fool,0,44
football,0,54
for,1,47
forbid,0,48
foreigner,0,65
forest,1,45
forever,0,75
forfeit,0,32
forgetful,2,34
fork,0,132
form,1,78
former,1,39
foul,0,59
four,0,47
fourth,3,59
fox,1,49
fraction,0,39
frame,1,40
france,0,45
fraud,1,42
freakout,2,31
freckles,2,31
free,1,46
freedom,3,33
freeway,1,39
freeze,0,46
french,0,39
frenchfries,0,31
friday,2,47
friend,3,51
friendly,0,45
friendsnomore,0,31
fringe,2,36
frisk,2,35
frog,1,50
from,2,46
front,1,51
frown,0,65
fruit,2,48
frustrate,0,35
fry,0,33
full,0,55
fun,1,39
function,1,52
funny,0,47
furniture,0,36
future,0,49
g,0,50
gallaudet,2,40
gamble,4,43
game,1,50
garage,1,41
garlic,2,33
gas,1,40
gate,0,36
gay,0,46
generation,2,43
germany,2,45
gesture,1,34
get,1,87
get down,0,36
getinbed,1,31
getthrough,0,31
gettogether,1,31
ghost,3,54
gift,0,54
giraffe,1,49
girl,0,60
give,1,62
giveup,2,31
glass,0,106
glasses,1,55
glove,2,44
gloves,0,130
glow,1,38
glue,0,67
go,1,98
goal,0,39
goat,1,45
goatee,0,32
gobackandforth,1,31
god,0,50
goingthroughahardtime,1,31
gold,1,36
golf,0,45
gone,1,48
good,1,66
good deal,0,51
goodygoody,1,31
goosebumps,3,31
gorilla,1,41
gossip,0,59
gothrough,2,31
gotojail,0,31
government,1,55
grab,0,64
grade,0,50
graduate,2,55
grammar,2,47
grandfather,2,48
grandmother,1,49
grapes,0,66
grasp,2,43
grass,1,48
gray,0,56
great,1,57
great deal,0,51
greece,1,49
green,0,56
greet,0,64
grenade,2,32
grieve,2,37
grind,1,38
ground,0,41
group,0,50
grow,1,48
guess,0,78
guide,1,53
guillotine,0,59
guilty,0,44
guitar,1,44
gullible,0,35
gum,1,40
gun,0,102
gym,1,38
h,0,49
habit,1,38
hair,0,77
haircut,0,37
hairdresser,2,32
hairdryer,0,87
half,0,44
hall,1,49
halloween,0,79
hamburger,2,45
hammer,1,45
hamster,2,34
handcuffs,1,31
hands,1,38
handsoap,0,31
handsome,0,130
hang,0,38
hanukkah,2,41
happen,1,45
happy,0,49
hard,1,56
hardofhearing,1,31
harmonica,1,37
harp,2,41
hat,0,84
hatch,0,65
hate,0,37
hatful,0,51
have,1,38
hawaii,0,45
he,0,38
head,0,78
headache,0,45
headcold,1,31
headgrind,1,31
headphones,1,31
health,1,43
heap,1,87
hear,0,74
hearing,3,52
hearingaid,0,31
heart,0,66
heartbody,0,31
heaven,1,38
heavy,0,58
helicopter,0,107
hell,0,41
hello,2,46
helmet,0,74
help,1,75
hen,1,31
here,2,48
hide,1,47
high,1,45
highlighter,2,31
highschool,0,35
hinge,0,34
hippo,0,66
his,0,39
history,1,47
hit,0,88
hitchhike,2,33
hockey,1,43
hoe,0,31
hold,0,103
holdaccountable,0,31
holdhands,0,31
holdtogether,1,31
holiday,1,32
holy,2,41
home,0,58
homework,1,41
honest,2,39
honey,0,74
honk,2,33
honor,0,53
hood,2,32
hoodie,0,59
hop,1,43
hope,2,52
horrible,0,39
horse,0,43
hose,0,38
hospital,0,80
hot,0,62
hotdog,0,42
hotel,0,36
hour,2,51
house,0,48
how,0,86
howl,1,33
hug,1,54
humble,2,57
hummingbird,0,33
humor,1,37
hundred,0,48
hungry,3,44
hunt,1,44
hurdle-trip,0,60
hurricane,4,39
hurry,2,45
hurt,4,65
husband,1,51
hypocrite,2,36
i,0,50
ice,0,37
icecream,2,31
idea,1,47
identity,2,38
if,1,44
ignore,0,50
imagine,0,70
immature,2,44
immerse,0,33
impact,1,39
important,0,50
impossible,1,48
impress,4,36
improve,1,50
in,0,53
inch,1,41
incredible,0,33
independent,2,43
indian,0,36
inept,1,39
infection,2,40
influence,2,40
inhale,1,36
inject,1,38
innocent,0,41
inside,1,47
inspire,0,51
inspiring,2,31
instagram,2,35
instead,0,40
instinct,0,34
institute,0,41
insult,1,37
insurance,1,40
intelligent,0,32
intentional,0,32
interest,0,43
interested,3,31
internet,2,45
interpret,1,46
interpreter,1,41
intervene,0,35
interview,1,48
introduce,3,45
intuitive,1,31
invest,0,59
invisible,0,34
invite,4,41
iphone,0,33
iron,0,97
island,3,39
isolated,1,31
israel,0,47
italy,4,42
itch,1,33
j,0,50
jacket,0,135
japan,1,48
jar,1,38
jealous,1,48
jelly,0,32
jellyfish,0,35
jewelry,1,44
jewish,0,38
jigsawpuzzle,0,31
job,0,36
join,1,40
joke,0,60
journey,1,38
judge,0,56
juggle,0,31
juice,0,71
jump,0,65
junior,3,43
just about,0,57
k,0,50
kangaroo,0,98
keep,1,48
key,2,56
keyboard,4,43
kick,0,71
kid,2,37
kill,2,46
kindergarten,1,37
king,0,53
kiss,0,99
kissfist,1,31
kitchen,0,47
kite,0,62
kitten,2,34
kneel,0,38
knife,0,77
knight,0,117
knitting,0,87
knock,1,41
know,1,47
l,0,50
label,1,44
lamp,0,67
land,2,58
language,0,49
laptop,1,42
large,0,33
last,1,45
late,1,53
later,0,62
laugh,0,67
law,0,49
lawnmower,0,31
lawyer,1,42
laydown,1,31
lazy,0,42
lead,1,50
leaf,0,73
league,0,36
leak,1,39
learn,2,41
learnlesson,2,31
leather,1,35
leave,0,59
leavealone,1,31
lecture,0,52
left,1,44
lemon,0,77
lend,3,60
lesbian,0,42
less,1,39
lesson,2,40
letgo,0,31
letmesee,1,31
letter,0,83
lettuce,0,74
library,2,41
license,0,37
lick,0,62
lickenvelope,0,60
lie,0,48
lift,0,101
light,1,73
lighter,1,38
lightning,0,40
like,1,53
line,0,77
linguistics,1,40
lion,2,45
lipread,0,37
lipstick,1,41
list,2,48
listen,1,46
live,0,87
livingroom,0,31
load,0,80
lobster,0,102
lock,0,96
locker,0,34
lollipop,1,38
lonely,0,40
long,3,49
longline,0,31
longword,0,31
lookappearance,0,32
lookat,1,31
lose,1,62
losegame,1,31
lost,0,43
lot,0,79
loud,1,44
lousy,2,43
love,1,52
loyal,1,35
luck,1,42
lucky,1,42
lunch,0,80
lungs,0,31
m,0,50
machine,1,65
mad,2,49
magazine,2,40
magic,2,42
magnet,0,121
magnify,0,69
maid,0,31
mail,0,67
mailman,0,39
mainstream,1,39
major,3,41
make,0,74
man,1,61
manage,2,44
many,1,43
maple,3,33
march,0,56
marionette,0,36
marry,1,42
mascara,0,34
massage,0,35
match,1,54
math,0,45
maybe,0,46
mcdonalds,1,31
me,1,39
mean,0,92
measure,0,86
meat,0,71
mechanic,0,76
medicine,2,46
meditate,0,105
meet,0,50
meeting,1,38
megaphone,1,33
melon,0,34
melt,1,40
member,2,42
memorize,1,40
memorizememorize,1,31
mention,0,47
mess,1,31
metal,0,41
metaphor,2,37
mexican,0,66
mickle,0,51
microphone,1,39
microscope,0,98
microwave,1,51
middle,0,49
milk,0,82
mime,1,33
mind,1,69
mindturned,1,31
mine,4,46
minimum,0,65
mint,0,52
minute,0,65
mirror,2,46
mischievous,0,34
miss,1,68
misunderstand,0,38
mix,0,119
mock,0,37
model,0,78
monday,1,48
money,0,69
monkey,1,49
monster,2,43
month,0,44
moon,1,45
moose,1,40
mop,0,60
more,3,51
morning,1,56
mosquito,3,41
most,1,75
mother,1,54
motivation,0,63
motorcycle,0,45
mountain,0,70
mouse,2,48
mouth,0,44
move,2,89
movedown,2,31
movie,0,88
much,0,47
muckle,0,51
mummy,1,37
murder,0,37
muscle,1,42
museum,1,41
mushroom,2,42
music,1,49
must,1,40
mustache,0,45
my,3,45
myself,1,41
n,0,50
nail,0,44
nailclipper,0,31
naked,0,45
name,1,57
napkin,0,52
navel,0,33
navy,2,35
near,1,77
nearly,0,37
neck,4,45
necklace,0,131
need,1,46
needle,1,34
negative,1,44
nephew,1,42
nerve,2,34
net,2,49
network,0,48
neutral,4,44
never,0,43
new,1,51
newspaper,1,42
next,5,50
nice,1,39
niece,1,44
nigh,0,37
night,0,87
nine,0,38
no,1,56
noise,1,33
none,0,47
nonsense,0,31
noon,0,76
noose,1,32
normal,1,40
north,0,44
nose,1,47
nosebleed,2,34
not,1,42
notathing,2,31
nothing,0,78
notinterested,1,31
notusedto,1,31
notyet,0,31
now,0,41
nurse,2,48
nut,0,74
o,0,50
obsess,0,46
obvious,0,33
ocean,0,39
octopus,1,40
off,2,63
offend,1,35
offhand,0,32
office,1,55
offthepoint,0,31
often,3,41
oil,0,101
ok,1,40
old,0,44
on,0,52
once,2,45
one,1,41
onemore,0,59
onion,1,47
onlyone,2,31
ooh,0,32
oops,2,31
open,1,68
opinion,0,77
opportunity,2,37
option,0,34
or,0,41
oral,1,39
orange,3,55
orangeeyes,2,31
orangethroat,0,31
order,0,80
organization,3,36
ostrich,0,34
other,3,43
our,1,40
out,1,49
outside,1,51
over,2,44
overlook,3,35
overnight,1,33
overtake,1,31
overwhelmed,2,31
owe,1,40
owl,4,40
own,1,35
p,0,50
pack,1,52
page,1,47
pageant,1,35
pain,2,37
paint,0,50
paintbrush,0,34
pair,2,40
pancake,1,35
pants,0,79
paper,0,60
papercutter,2,31
parachute,0,97
parade,1,42
paragraph,0,36
parallel,0,39
parents,3,34
park,0,43
party,0,79
pass,1,77
passout,1,31
passport,2,35
past,0,48
patient,0,103
pay,0,49
peace,1,43
peach,0,92
peacock,2,36
pear,1,40
peas,0,60
peck,1,88
peekaboo,1,34
peel,0,103
peg,0,92
pen,0,52
pencil,0,43
penguin,0,34
penis,1,33
penny,0,38
people,2,50
pepper,2,51
pepsi,4,36
perceive,0,32
percent,3,36
perfect,3,40
perfume,0,74
period,1,44
permission,1,32
persistent,2,33
person,2,58
perspective,1,44
persuade,2,37
pet,0,74
pharmacist,0,34
philadelphia,1,38
philosophy,0,53
phone,0,54
photography,1,33
physics,3,42
piano,0,41
pick,0,65
pickle,0,40
picnic,1,32
picture,0,61
pie,0,43
pig,2,56
pile,0,31
pill,1,39
pillow,0,101
pinch,0,68
pineapple,0,146
pink,0,53
pipe,0,126
pirate,1,35
pissedoff,1,31
pitcher,1,38
pity,2,42
pizza,0,87
pizzacutter,0,31
place,1,83
plain,2,46
plan,0,43
planet,1,37
plant,2,52
plate,3,44
platform,0,32
play,0,79
players,0,31
playground,6,39
please,0,48
plenty,1,90
pliers,2,33
plow,0,70
plug,0,63
plummet,0,34
plunger,0,34
plus,2,43
point,2,79
pointindex,0,31
pole,1,38
policeman,0,69
policy,2,43
polish,0,46
ponder,4,43
poop,0,38
poor,1,48
pop,0,142
popcorn,2,41
pope,1,35
popular,1,40
porcupine,2,35
positive,0,39
possible,3,42
possum,1,33
postpone,1,43
potato,0,46
pour,0,76
powder,0,33
power,1,58
practice,0,59
prayer,1,31
preacher,1,34
precious,0,41
predict,1,43
prefer,2,40
pregnant,4,37
present,0,40
president,1,48
press,1,49
pretend,1,36
pretty,5,40
price,4,49
pride,0,43
priest,1,43
prince,1,37
principal,1,44
print,0,48
priority,0,43
prison,2,38
problem,0,79
process,0,43
producesign,2,31
program,1,56
project,1,50
promise,2,49
promote,1,40
proof,0,41
propeller,0,31
propose,0,41
protection,1,31
protest,0,34
provide,4,46
psychologist,0,35
psychology,0,44
public,1,40
pull,0,68
pullconvince,1,32
pumpkin,0,40
punish,2,42
purple,1,52
push,1,44
put,2,53
puzzled,2,38
q,0,50
qm,0,31
quality,2,41
quarter,2,59
queen,1,41
quiet,0,49
quit,0,50
quite a little,0,51
r,0,50
rabbit,0,74
race,1,37
radio,0,46
raft,0,52
rag,0,38
rain,2,47
rainbow,2,42
raisin,3,34
rake,0,42
range,1,33
rat,2,48
razor,0,63
reach,0,50
react,0,35
read,0,48
ready,2,50
really,2,47
reason,0,45
recent,0,69
recite,0,36
record,0,33
recording,1,32
red,1,56
reduce,0,79
reflect,0,46
refrigerator,0,43
refuse,0,58
register,1,55
regular,2,40
relationship,1,41
relax,0,72
release,0,50
relief,1,59
religion,2,59
remember,0,77
remind,1,34
remotecontrol,0,31
remove,2,45
replace,3,38
request,3,40
rescue,1,38
research,0,81
resent,1,33
resign,0,42
resist,4,39
respect,0,46
responsibility,1,43
rest,0,54
restallday,1,31
restaurant,1,46
restless,1,35
result,0,52
retire,2,52
retrieve,2,43
revenge,0,40
rhino,0,92
rich,1,43
ride,0,73
right,0,114
ring,2,59
risk,0,37
river,0,68
road,0,41
roar,0,68
roast,0,41
rob,1,44
robot,0,39
rock,1,44
rocket,0,62
rockingchair,0,60
role,3,42
roll,1,43
roof,0,40
room,0,51
roommate,1,39
rooster,2,35
rope,1,39
rose,0,40
rough,1,47
row,4,44
rude,0,47
ruin,1,39
rule,0,55
ruler,1,37
run,0,95
rush,2,48
russia,1,46
s,0,50
sad,2,50
safe,0,43
sail,0,66
sailboat,1,33
salad,2,41
salt,1,45
saltshaker,2,31
same,0,82
samesame,0,31
sametime,1,31
sandwich,0,136
santa,1,33
sarcastic,1,33
saturday,0,47
sauce,0,38
sausage,0,39
save,0,53
saw,0,70
saxophone,0,33
scan,0,39
scarcely,0,41
scared,0,48
scarf,0,120
school,1,54
science,4,44
scientist,2,40
scissors,0,44
scold,1,47
scoop,1,35
score,2,49
scout,0,37
scratch,0,33
scream,1,36
screwdriver,0,99
script,0,36
scrub,0,33
sculpt,3,33
sculpture,1,39
seal,0,38
secret,1,50
secretary,1,47
see,1,58
seem,1,49
seesee,1,31
select,2,35
self,3,31
sell,2,40
senate,3,43
send,1,41
sensitive,1,45
sentence,0,73
separate,0,36
sequence,2,39
serious,2,44
serve,0,78
set,0,65
set up,0,40
setup,0,31
seven,1,46
several,0,33
sew,1,43
shake,0,77
shame,1,37
shampoo,2,37
shape,1,49
share,1,48
shark,0,65
sharp,0,65
sharpen,0,91
shave,0,158
sheep,3,43
shelf,1,43
shield,2,31
shiny,0,36
shirt,0,82
shocked,0,31
shoes,1,50
shoot,0,85
shooting,0,35
shop,0,83
shortdistance,1,31
shortperson,0,31
shorts,2,37
shot,1,45
should,1,38
shoulder,0,99
shout,0,73
shovel,0,72
show,0,58
shower,2,54
shrimp,1,44
shy,3,43
sick,1,41
side,0,51
sideburns,1,31
sign,2,58
signature,1,36
silly,0,45
silver,2,46
since,0,42
sing,0,45
single,1,54
sink,1,55
siren,1,39
sister,0,50
sit,2,47
situation,2,43
six,1,45
skate,1,39
skateboarding,0,89
ski,1,35
ski-ca,1,31
skill,2,37
skin,1,44
skirt,0,59
skunk,3,45
slave,0,40
sled,0,65
sleep,2,45
slew,0,54
slice,0,119
slide,0,68
slingshot,1,33
slip,0,80
slipper,1,36
slow,0,62
small,0,70
smart,2,47
smell,0,44
smellmoney,0,31
smile,0,72
smoke,1,48
smoking,0,40
smooth,1,54
snail,0,32
snake,1,47
snap,2,39
sneakadventure,1,31
sneeze,0,70
snob,1,40
snorkel,1,37
snow,0,82
snowboard,1,35
snowman,0,41
snowsuit,2,31
so,1,40
soap,0,76
soccer,0,71
social,0,37
socialize,0,33
society,1,47
socks,0,37
soda,2,45
sofa,0,44
soft,0,46
softball,4,34
some,3,58
somersault,0,90
something,0,39
sometimes,1,41
son,1,53
soon,0,82
sophisticated,0,31
sophomore,2,37
sorry,1,39
sound,1,45
soup,1,39
sour,2,42
south,2,44
sow,0,32
space,1,41
spaceship,1,31
spaghetti,0,36
spain,2,45
spate,0,51
speakers,0,32
special,0,70
specialist,2,33
specific,1,44
spend,0,33
spicy,0,36
spider,2,44
spill,0,68
spitout,1,31
spontaneous,3,33
spoon,0,42
sports,1,31
spotsomething,2,31
spread,0,114
spring,3,80
square,0,44
squareidiot,1,31
squeeze,1,71
squirrel,0,40
sshh,0,32
stack,0,117
stadium,1,43
staff,1,43
stairs,1,43
stamp,0,104
stand,0,86
stand-up,1,31
stapler,0,32
star,1,49
starbucks,0,31
stare,0,45
stars,3,31
start,1,57
state,2,55
stay,3,49
stayawake24hrs,0,31
steak,2,33
steal,2,45
steam,1,34
step,2,39
stethoscope,0,116
sticky,2,40
still,0,48
stimulate,1,32
sting,1,44
stink,2,45
stir,1,45
stockings,1,31
stomach,2,55
stop,0,72
stopwatch,0,33
story,0,106
straight,0,43
strain,0,69
strange,0,44
strangle,3,33
straw,0,43
strawberry,0,135
street,1,44
stress,1,49
stretch,0,75
strict,1,41
string,0,37
stripe,0,33
strong,0,49
structure,3,46
struggle,2,52
stubborn,3,40
stuck,1,34
student,0,51
study,0,74
stumble,3,35
stupid,0,71
subtract,0,51
suck,0,40
suckthumb,0,31
suit,1,50
summarize,1,33
summer,0,48
summon,0,40
sun,1,51
sunbathe,0,60
sunday,0,53
sunrise,1,44
sunset,0,43
superior,1,34
supervise,3,33
supervisor,0,33
support,0,97
sure,0,42
surf,0,40
surgeon,0,39
surgery,1,42
surprise,0,43
sushi,0,33
suspect,0,45
suspend,2,40
suspenders,0,57
swallow,0,42
sweat,1,35
sweater,0,100
sweatpants,0,31
sweep,2,48
sweet,1,54
sweetheart,0,56
swim,0,74
swing,0,71
switzerland,1,43
sword,0,34
sympathy,3,41
system,0,41
t,0,50
table,1,50
tablet,0,36
tail,0,79
take,2,78
takecare,0,32
takenotes,1,31
takeoff,0,57
talk,0,90
tall,0,83
tan,1,42
tape,3,36
taste,3,38
tea,0,47
teach,0,78
teacher,1,48
team,0,45
tear,1,34
tearrip,0,60
tease,1,43
technology,2,42
teenager,1,34
teeth,0,38
tell,2,55
temperblowup,2,31
temptation,0,34
tendency,0,36
tendyour,0,31
tennis,1,42
tent,1,44
test,0,55
text,0,41
than,0,40
thanksgiving,1,54
thankyou,4,31
that,1,42
then,3,42
theory,2,45
therapy,0,41
there,0,44
thermometer,1,44
these,0,33
they,0,69
thief,0,65
thin,0,68
things,1,34
think,0,61
thinkchin,0,31
thinkconnect,0,31
thinkover,1,31
thinkponder,1,31
third,0,81
thirsty,1,47
three,1,49
thrilled,1,33
throw,0,81
thunder,1,36
thursday,1,43
ticket,2,43
tickle,1,34
tidy sum,0,51
tie,0,82
tieup,0,59
tiger,1,49
time,1,67
timetotime,0,31
tiny,0,37
tired,1,47
tiredof,3,31
tissue,2,39
to,1,38
toast,0,51
tobacco,0,40
today,1,48
together,0,40
toilet,2,56
tomato,0,48
tomorrow,1,47
tongue,0,42
toomuch,2,31
toothbrush,1,40
top,2,55
topic,1,49
tornado,0,40
toss,1,40
total,1,49
touch,0,46
tough,0,42
tournament,1,43
tow,0,91
towel,4,42
toy,0,99
tractor,3,35
tradition,0,44
traffic,2,45
train,0,54
transfer,1,47
transgender,0,34
translate,3,40
trash,0,35
travel,0,75
tree,1,48
triangle,2,44
trim,0,91
trim back,0,32
trim down,0,32
trip,0,74
triple,1,34
trophy,1,38
trouble,0,52
truck,0,68
truth,3,47
try,0,58
tty,2,34
tube,1,41
tuesday,2,51
turban,1,32
turkey,0,83
turn,2,54
turnaround,1,39
turnkey,3,32
turtle,1,42
tv,1,45
twins,0,65
twirl,3,37
two,0,40
twomore,1,31
type,0,75
u,0,50
udder,1,31
ugly,2,52
umbrella,1,43
unaware,1,34
uncertain,1,34
uncle,1,45
under,0,42
undergraduate,1,34
understand,1,47
underwear,0,79
unicorn,0,32
unique,2,43
universe,0,37
university,1,48
until,0,42
up,1,51
upload,0,35
upset,0,83
us,2,52
use,0,48
v,0,50
vacation,1,41
vacuum,1,36
vagina,2,34
vain,0,42
validate,1,33
valley,1,39
value,2,51
vampire,1,41
vanilla,2,34
vanish,0,46
vegetable,0,46
verb,2,40
very,0,40
veryinterested,0,32
vest,0,37
vibrate,1,37
videocamera,0,59
videophone,0,35
view,1,45
village,1,33
violin,1,43
virtually,0,37
vision,0,37
visit,0,48
visitor,0,38
visualize,1,38
vitamins,0,31
vlog,1,38
vocabulary,0,40
voice,0,49
volleyball,0,44
volunteer,4,42
vomit,2,60
vote,1,47
w,0,50
wad,0,73
wade,0,61
wait,1,57
waiter,2,40
walk,0,86
walk-tightrope-cl,2,31
wall,0,41
wallet,0,41
walrus,2,32
wand,0,33
wander,2,46
want,0,89
war,1,42
warm,2,45
warn,0,44
wash,0,75
washdishes,4,31
washface,0,58
washhands,1,31
washmachine,0,31
waste,0,48
watch,3,53
water,3,52
waterdrop,1,31
waterski,0,31
wave,2,47
way,3,48
we,0,45
weak,1,47
wear,1,50
weather,0,48
weave,0,40
wedding,4,44
wednesday,1,51
week,1,42
weekend,0,45
weigh,1,39
weight,1,42
weird,3,47
welcome,0,72
well,0,46
well-nigh,0,37
west,1,43
wet,2,57
wewillsee,0,31
whale,2,45
what,0,91
whatever,0,40
whatfor,0,85
wheel,0,62
wheelbarrow,2,33
wheelchair,1,37
when,1,48
where,0,48
which,1,40
while,1,46
whip,0,39
whisper,3,35
whistle,0,69
white,2,59
whiteperson,0,31
who,1,62
whole,1,52
whole lot,0,51
whole slew,0,51
why,2,58
wide,0,44
wife,0,49
will,2,44
willgo,0,31
win,0,44
wind,1,50
windmill,0,87
window,1,49
windy,0,35
wine,0,41
wink,0,42
winter,0,44
wise,1,33
wish,1,41
witch,0,72
with,2,49
without,2,44
wolf,0,43
woman,0,80
wonder,0,38
wood,0,44
word,1,45
work,0,44
workout,1,32
workshop,2,41
world,1,71
worm,1,48
worry,1,39
worse,0,41
wow,4,56
wrap,2,46
wrapup,0,58
wrestle,2,39
wring,1,38
wristwatch,0,97
write,0,60
writeonwall,0,31
wrong,1,51
x,0,50
y,0,50
yawn,0,123
yay,1,31
yeah,0,33
year,2,56
yellow,3,52
yes,1,57
yesterday,4,54
you,1,47
young,1,47
your,0,44
yourself,1,40
yoyo,2,31
yucky,0,37
z,0,50
zebra,0,37
zero,3,47
zipper,2,38
zoo,0,35
zoomoff,1,32
