word,videos,label,short
a,1,5,0
absolutelynothing,1,9,1
adopt,1,28,0
advantage,1,30,0
agency,1,38,0
airplane,2,40,1
allway,1,51,1
animal,3,63,0
animate being,1,64,0
art,1,83,0
article,1,84,0
assist,1,89,0
at,1,92,0
atlanta,1,94,0
attention,1,95,0
b,1,110,0
baby,1,111,0
backbone,1,115,0
backpack,1,117,0
backyard,1,119,0
bacon,1,120,0
bag,1,123,0
ball,1,127,0
banana,1,129,0
basic,1,139,1
bat,1,142,1
bath,2,144,0
bathroom,1,145,0
because,1,157,0
behavior,1,165,0
bell,1,168,0
binoculars,1,182,0
birth,1,185,0
bison,1,187,0
bitch,1,188,1
bleed,1,195,0
blinds,1,198,0
blowmind,1,206,1
blue,1,207,1
board,1,210,1
boss,1,222,1
both,1,224,0
bother,1,225,0
bound,1,229,0
bowl,1,231,0
boyfriend,1,237,1
brag,1,240,0
brainstorm,1,244,0
breathe,1,252,0
bridge,1,255,0
bright,1,256,0
brush,1,261,0
burn,1,272,0
busted,1,277,1
busy,1,278,0
butterfly,1,281,0
c,1,284,1
calendar,1,289,0
california,1,290,0
cancel,1,301,0
cancellation,1,302,0
cannon,1,306,0
cape,1,309,0
carousel,1,316,0
carry,1,318,0
champion,1,341,0
cheesegrater,1,357,0
chin,1,365,1
chopsticks,1,370,1
clause,1,382,0
climbladder,2,389,0
comeout,1,411,1
committee,1,414,1
commute,1,417,0
confident,1,425,0
consume,1,431,1
continue,1,434,0
cost,1,446,1
count,1,450,0
crash,1,459,0
crocodile,2,466,0
dance,1,487,0
death,1,498,1
deflate,1,506,0
deodorant,1,516,0
depress,1,519,0
desert,1,521,0
devour,1,527,0
die,1,532,0
dilemma,1,537,1
director,1,541,0
disney,1,548,1
dodo,1,560,0
downhill,1,577,0
dribble,1,588,1
drip,1,591,0
dry,1,598,1
dryer,1,599,0
each,1,606,0
earth,1,612,0
easytodo,1,618,1
eggbeater,1,625,0
ego,1,626,0
elegance,1,631,0
email,1,635,0
enemy,2,641,1
evaluate,1,660,0
event,1,662,0
explode,1,678,0
famous,1,695,0
fantasy,1,697,0
fifth,1,716,0
flipflops,1,743,1
flipswitch,1,744,1
floor,1,746,1
free,1,776,0
freedom,1,777,1
gallaudet,1,802,1
getinbed,2,815,0
gettogether,1,817,0
good,1,840,0
goosebumps,1,843,0
green,1,862,0
grenade,1,864,0
handcuffs,1,891,0
head,1,910,1
headphones,1,914,1
heartbody,1,921,0
hen,1,929,1
hinge,1,935,0
holdaccountable,1,944,0
holy,1,948,0
hood,1,955,0
howl,1,969,0
hundred,1,974,1
ignore,1,989,1
improve,1,997,0
indian,1,1002,0
itch,1,1038,0
j,1,1039,0
jewelry,1,1046,0
jigsawpuzzle,1,1048,0
k,1,1059,0
l,1,1080,0
law,1,1091,0
leather,1,1102,0
library,1,1116,0
lie,1,1120,1
lightning,1,1124,1
lipstick,1,1130,0
loud,1,1150,0
m,1,1158,1
mainstream,1,1168,0
make,1,1170,0
marionette,1,1176,0
marry,1,1177,0
mascara,1,1178,0
match,1,1180,0
maybe,1,1182,0
me,1,1184,0
melt,1,1195,0
member,1,1196,0
microphone,1,1205,1
mirror,2,1217,2
mock,1,1222,1
more,1,1232,1
mosquito,1,1234,1
mouse,1,1240,1
mummy,1,1247,0
mustache,1,1254,0
n,1,1257,0
near,1,1265,1
neck,1,1267,0
net,1,1274,0
never,1,1277,1
noise,1,1287,0
none,1,1288,1
nonsense,1,1289,1
normal,1,1292,1
nosebleed,1,1295,1
notathing,1,1297,0
now,1,1302,1
obsess,1,1306,0
offthepoint,1,1314,1
oral,1,1332,0
orangethroat,1,1335,0
ostrich,1,1338,0
owe,1,1348,1
p,1,1351,0
papercutter,1,1362,0
paragraph,1,1365,1
peace,1,1376,0
perceive,1,1393,0
persistent,1,1399,0
perspective,1,1401,0
philosophy,1,1406,0
phone,1,1407,1
piano,1,1410,0
picnic,1,1413,0
pile,1,1417,1
pirate,1,1424,1
pitcher,1,1426,0
plant,1,1434,0
platform,1,1436,0
play,1,1437,0
point,1,1448,0
pole,1,1450,0
ponder,1,1454,0
poop,1,1455,0
poor,1,1456,0
popcorn,1,1458,1
positive,1,1462,0
potato,1,1466,0
pour,2,1467,1
power,1,1469,0
preacher,1,1472,0
precious,1,1473,1
prefer,1,1475,1
price,1,1482,0
project,1,1494,0
promise,1,1495,0
promote,1,1496,0
psychology,1,1504,0
q,1,1514,1
quite a little,3,1521,0
r,1,1522,0
race,1,1524,0
radio,1,1525,0
razor,1,1534,1
reduce,1,1546,1
relief,1,1555,0
replace,1,1561,1
resign,1,1566,0
resist,1,1567,0
restaurant,1,1572,1
revenge,1,1577,0
roof,1,1595,1
room,1,1596,1
rude,1,1603,0
rush,1,1608,0
s,2,1610,0
sailboat,1,1614,0
saltshaker,1,1617,0
school,2,1634,0
score,1,1640,0
screwdriver,1,1644,0
sculpt,1,1647,0
secretary,1,1651,1
see,1,1652,0
select,1,1655,1
set,1,1666,1
several,1,1670,0
shake,1,1672,0
share,1,1676,0
shop,2,1690,0
shortperson,1,1692,1
shower,1,1700,0
signature,1,1707,1
six,1,1718,0
skunk,1,1726,0
slew,1,1730,0
slingshot,1,1733,1
slipper,1,1735,0
small,1,1737,1
smile,1,1741,0
sneeze,1,1749,1
snob,1,1750,1
snow,1,1752,0
soap,1,1757,1
socialize,1,1760,0
something,1,1769,1
son,1,1771,0
soup,1,1777,0
spate,1,1785,1
spitout,1,1794,1
spontaneous,1,1795,0
spoon,1,1796,1
spotsomething,1,1798,0
square,1,1801,0
staff,1,1808,1
starbucks,1,1815,0
steak,1,1822,0
sting,1,1830,1
stir,1,1832,1
stopwatch,1,1836,0
story,1,1837,1
strangle,1,1841,0
strawberry,1,1843,1
strong,1,1850,1
stupid,1,1858,0
summer,1,1864,0
summon,1,1865,0
sun,1,1866,0
support,1,1874,0
sushi,1,1880,1
suspend,1,1882,1
swallow,1,1884,0
sweetheart,1,1890,0
swing,1,1892,0
table,1,1898,0
talk,1,1905,1
taste,1,1909,1
tearrip,1,1915,0
teenager,1,1918,0
test,1,1927,0
thirsty,1,1949,0
three,1,1950,1
tie,1,1958,0
toothbrush,1,1977,1
top,1,1978,0
topic,1,1979,1
toss,1,1981,0
touch,1,1983,0
tow,1,1986,0
trim back,1,2001,0
trim down,2,2002,0
triple,1,2004,0
truck,1,2007,1
turkey,1,2014,0
turn,1,2015,0
two,1,2022,1
twomore,1,2023,1
udder,1,2026,0
under,1,2032,0
unicorn,1,2036,0
universe,1,2038,0
v,1,2046,0
verb,1,2058,1
vest,1,2061,1
videocamera,1,2063,1
virtually,1,2068,0
visualize,1,2072,0
vitamins,1,2073,0
volleyball,1,2077,0
wad,1,2082,0
wade,1,2083,0
walk-tightrope-cl,1,2087,0
wall,1,2088,0
wash,1,2097,1
washmachine,1,2101,0
water,1,2104,0
weight,2,2119,0
wheelchair,1,2133,1
whip,1,2138,0
who,1,2143,1
whole,1,2144,0
will,1,2150,1
window,1,2155,1
wink,1,2158,0
wise,1,2160,0
with,1,2163,0
wolf,1,2165,1
woman,1,2166,0
wood,1,2168,0
workshop,1,2172,1
writeonwall,1,2184,0
zipper,1,2204,1
