epoch,lr,train_loss,train_macro_f1,val_loss,val_macro_f1,seconds
1,0.001,7.699803673647304,0.0,,,0.5944069999968633
2,0.001,7.63579711302079,0.00036927202281532995,,,0.27275308303069323
3,0.001,7.423152462046414,0.0004923334795765696,,,0.27356650005094707
4,0.001,6.823247876396791,0.0016080972128411312,,,0.2697048749541864
5,0.001,6.3845914136917195,4.0595948524337274e-05,,,0.2735962080769241
6,0.001,6.162808961409299,0.0001400560224089636,,,0.27751012495718896
7,0.001,6.049321322517599,0.0004251394560272089,,,0.2751815839437768
8,0.001,6.009950438922739,0.001022631274732115,,,0.281380083062686
9,0.001,5.983446343059846,0.000374695332678526,,,0.2690758330281824
10,0.001,5.946918038760915,0.0005610087172123751,,,0.269946499960497
11,0.001,5.930188163716525,0.00034458227735538656,,,0.2798442079219967
12,0.001,5.900026935944583,0.0009790866383839144,,,0.27527595905121416
13,0.001,5.900185717618402,0.000183406696011738,,,0.27229658304713666
14,0.001,5.855133678823869,0.0006004201050640679,,,0.2690850000362843
15,0.001,5.846972225821592,0.002164343998468953,,,0.26812675001565367
16,0.001,5.848167021644307,0.0012509716565251823,,,0.2969261249527335
17,0.001,5.767979249597233,0.005735112577849672,,,0.27126266597770154
18,0.001,5.732216174589759,0.001835924985830109,,,0.28825674997642636
19,0.001,5.675739474475065,0.00025096011255180804,,,0.27603529195766896
20,0.001,5.683845670465479,0.001641658076515484,,,0.26794275001157075
21,0.001,5.649175932063138,0.00019224979711510775,,,0.27875004103407264
22,0.001,5.632937500183595,0.001022631274732115,,,0.270065207965672
23,0.001,5.575893863637179,0.009397279009609067,,,0.27640400000382215
24,0.001,5.537888983354211,0.0019828990823840377,,,0.27934691694099456
25,0.001,5.518525279142002,0.004238699298954638,,,0.27196991606615484
26,0.001,5.521390912367061,0.004141944905135427,,,0.26937491598073393
27,0.001,5.490605053417186,0.0011738632559942215,,,0.2778773750178516
28,0.001,5.453691778335979,0.004920445662133642,,,0.2831533750286326
29,0.001,5.375323203795734,0.006349282848991643,,,0.27288683399092406
30,0.001,5.3796763547601545,0.0016036792967778126,,,0.28763537493068725
31,0.001,5.301047353183522,0.01750234401861587,,,0.27025333303026855
32,0.001,5.259613883686575,0.014148386627378223,,,0.27955362503416836
33,0.001,5.212234275226287,0.01325252011965667,,,0.2677050830097869
34,0.001,5.212764296302184,0.00836779406386816,,,0.2734764999477193
35,0.001,5.126925442945511,0.009126573088302357,,,0.26781287498306483
36,0.001,5.108748249829135,0.022756532812555224,,,0.2723048330517486
37,0.001,5.068873999590542,0.013182214343323949,,,0.2683278339682147
38,0.001,5.030843148257006,0.011297919740337187,,,0.27865983301308006
39,0.001,4.998064487375678,0.020700602157747425,,,0.4293574580224231
40,0.001,4.91352111898004,0.026505877176566155,,,0.30657975003123283
41,0.001,4.893467395700873,0.032149749873752784,,,0.298232291941531
42,0.001,4.82782852713437,0.040742566381242726,,,0.30683816596865654
43,0.001,4.798773360124883,0.036209848335989114,,,0.29502237506676465
44,0.001,4.7425926611385245,0.05341101529231512,,,0.3051386249717325
45,0.001,4.7106834605415875,0.051371447037081706,,,0.29890379193238914
46,0.001,4.651913535786185,0.056010737159109814,,,0.4087334170471877
47,0.001,4.635437797097599,0.05183726636711177,,,0.28866224992088974
48,0.001,4.558972868689879,0.05154178703874445,,,0.28560649999417365
49,0.001,4.522327183402158,0.08020029267745746,,,0.2785912500694394
50,0.001,4.472955560939197,0.07450770789375537,,,0.2693253339966759
