label,word,precision,recall,f1,support
5,a,0.2,1.0,0.3333333333333333,1
9,absolutelynothing,0.0,0.0,0.0,1
28,adopt,0.0,0.0,0.0,1
30,advantage,0.0,0.0,0.0,1
38,agency,0.0,0.0,0.0,1
40,airplane,0.0,0.0,0.0,2
51,allway,0.0,0.0,0.0,1
63,animal,0.04411764705882353,1.0,0.08450704225352113,3
64,animate being,0.0,0.0,0.0,1
83,art,0.0,0.0,0.0,1
84,article,0.0,0.0,0.0,1
89,assist,0.0,0.0,0.0,1
92,at,0.0,0.0,0.0,1
94,atlanta,0.0,0.0,0.0,1
95,attention,0.0,0.0,0.0,1
110,b,0.0,0.0,0.0,1
111,baby,0.0,0.0,0.0,1
115,backbone,0.0,0.0,0.0,1
117,backpack,0.0,0.0,0.0,1
119,backyard,0.0,0.0,0.0,1
120,bacon,0.0,0.0,0.0,1
123,bag,0.3333333333333333,1.0,0.5,1
127,ball,0.0,0.0,0.0,1
129,banana,0.0,0.0,0.0,1
139,basic,0.0,0.0,0.0,1
142,bat,0.0,0.0,0.0,1
144,bath,0.0,0.0,0.0,2
145,bathroom,0.0,0.0,0.0,1
157,because,0.0,0.0,0.0,1
165,behavior,0.0,0.0,0.0,1
168,bell,1.0,1.0,1.0,1
182,binoculars,0.0,0.0,0.0,1
185,birth,0.0,0.0,0.0,1
187,bison,0.0,0.0,0.0,1
188,bitch,0.0,0.0,0.0,1
195,bleed,0.0,0.0,0.0,1
198,blinds,0.0,0.0,0.0,1
206,blowmind,0.0,0.0,0.0,1
207,blue,0.0,0.0,0.0,1
210,board,0.0,0.0,0.0,1
222,boss,0.058823529411764705,1.0,0.1111111111111111,1
224,both,0.0,0.0,0.0,1
225,bother,1.0,1.0,1.0,1
229,bound,1.0,1.0,1.0,1
231,bowl,1.0,1.0,1.0,1
237,boyfriend,0.0,0.0,0.0,1
240,brag,0.0,0.0,0.0,1
244,brainstorm,1.0,1.0,1.0,1
252,breathe,0.0,0.0,0.0,1
255,bridge,0.0,0.0,0.0,1
256,bright,0.5,1.0,0.6666666666666666,1
261,brush,0.0,0.0,0.0,1
272,burn,1.0,1.0,1.0,1
277,busted,0.0,0.0,0.0,1
278,busy,0.0,0.0,0.0,1
281,butterfly,0.0,0.0,0.0,1
284,c,0.0,0.0,0.0,1
289,calendar,0.0,0.0,0.0,1
290,california,0.0,0.0,0.0,1
301,cancel,0.0,0.0,0.0,1
302,cancellation,0.0,0.0,0.0,1
306,cannon,0.0,0.0,0.0,1
309,cape,0.0,0.0,0.0,1
316,carousel,0.0,0.0,0.0,1
318,carry,0.0,0.0,0.0,1
341,champion,0.0,0.0,0.0,1
357,cheesegrater,0.0,0.0,0.0,1
365,chin,0.0,0.0,0.0,1
370,chopsticks,0.0,0.0,0.0,1
382,clause,0.0,0.0,0.0,1
389,climbladder,0.06451612903225806,1.0,0.12121212121212122,2
411,comeout,0.0,0.0,0.0,1
414,committee,0.0,0.0,0.0,1
417,commute,0.0,0.0,0.0,1
425,confident,0.0,0.0,0.0,1
431,consume,0.0,0.0,0.0,1
434,continue,0.0,0.0,0.0,1
446,cost,0.0,0.0,0.0,1
450,count,0.0,0.0,0.0,1
459,crash,0.0,0.0,0.0,1
466,crocodile,0.0,0.0,0.0,2
487,dance,0.0,0.0,0.0,1
498,death,0.0,0.0,0.0,1
506,deflate,0.0,0.0,0.0,1
516,deodorant,0.0,0.0,0.0,1
519,depress,0.0,0.0,0.0,1
521,desert,0.0,0.0,0.0,1
527,devour,0.0,0.0,0.0,1
532,die,0.16666666666666666,1.0,0.2857142857142857,1
537,dilemma,0.0,0.0,0.0,1
541,director,1.0,1.0,1.0,1
548,disney,0.0,0.0,0.0,1
560,dodo,0.0,0.0,0.0,1
577,downhill,0.0,0.0,0.0,1
588,dribble,0.0,0.0,0.0,1
591,drip,0.0,0.0,0.0,1
598,dry,0.0,0.0,0.0,1
599,dryer,0.0,0.0,0.0,1
606,each,0.0,0.0,0.0,1
612,earth,0.0,0.0,0.0,1
618,easytodo,0.0,0.0,0.0,1
625,eggbeater,1.0,1.0,1.0,1
626,ego,1.0,1.0,1.0,1
631,elegance,0.0,0.0,0.0,1
635,email,0.0,0.0,0.0,1
641,enemy,0.14285714285714285,0.5,0.2222222222222222,2
660,evaluate,0.0,0.0,0.0,1
662,event,0.0,0.0,0.0,1
678,explode,0.0,0.0,0.0,1
695,famous,0.0,0.0,0.0,1
697,fantasy,0.0,0.0,0.0,1
716,fifth,0.0,0.0,0.0,1
743,flipflops,0.0,0.0,0.0,1
744,flipswitch,0.0,0.0,0.0,1
746,floor,0.0,0.0,0.0,1
776,free,1.0,1.0,1.0,1
777,freedom,1.0,1.0,1.0,1
802,gallaudet,0.0,0.0,0.0,1
815,getinbed,0.14285714285714285,0.5,0.2222222222222222,2
817,gettogether,0.5,1.0,0.6666666666666666,1
840,good,0.0,0.0,0.0,1
843,goosebumps,1.0,1.0,1.0,1
862,green,0.0,0.0,0.0,1
864,grenade,0.3333333333333333,1.0,0.5,1
891,handcuffs,0.0,0.0,0.0,1
910,head,0.0,0.0,0.0,1
914,headphones,0.0,0.0,0.0,1
921,heartbody,0.0,0.0,0.0,1
929,hen,0.0,0.0,0.0,1
935,hinge,0.0,0.0,0.0,1
944,holdaccountable,0.0,0.0,0.0,1
948,holy,0.0,0.0,0.0,1
955,hood,0.0,0.0,0.0,1
969,howl,0.0,0.0,0.0,1
974,hundred,0.0,0.0,0.0,1
989,ignore,0.0,0.0,0.0,1
997,improve,0.3333333333333333,1.0,0.5,1
1002,indian,0.0,0.0,0.0,1
1038,itch,0.0,0.0,0.0,1
1039,j,1.0,1.0,1.0,1
1046,jewelry,0.0,0.0,0.0,1
1048,jigsawpuzzle,0.0,0.0,0.0,1
1059,k,0.0,0.0,0.0,1
1080,l,1.0,1.0,1.0,1
1091,law,0.0,0.0,0.0,1
1102,leather,0.0,0.0,0.0,1
1116,library,0.0,0.0,0.0,1
1120,lie,1.0,1.0,1.0,1
1124,lightning,0.0,0.0,0.0,1
1130,lipstick,0.0,0.0,0.0,1
1150,loud,0.0,0.0,0.0,1
1158,m,1.0,1.0,1.0,1
1168,mainstream,0.0,0.0,0.0,1
1170,make,0.0,0.0,0.0,1
1176,marionette,0.0,0.0,0.0,1
1177,marry,0.0,0.0,0.0,1
1178,mascara,0.0,0.0,0.0,1
1180,match,0.0,0.0,0.0,1
1182,maybe,0.0,0.0,0.0,1
1184,me,0.0,0.0,0.0,1
1195,melt,0.0,0.0,0.0,1
1196,member,0.0,0.0,0.0,1
1205,microphone,0.0,0.0,0.0,1
1217,mirror,0.038461538461538464,0.5,0.07142857142857142,2
1222,mock,0.0,0.0,0.0,1
1232,more,0.0,0.0,0.0,1
1234,mosquito,0.0,0.0,0.0,1
1240,mouse,1.0,1.0,1.0,1
1247,mummy,0.0,0.0,0.0,1
1254,mustache,0.0,0.0,0.0,1
1257,n,0.0,0.0,0.0,1
1265,near,1.0,1.0,1.0,1
1267,neck,0.0,0.0,0.0,1
1274,net,1.0,1.0,1.0,1
1277,never,0.0,0.0,0.0,1
1287,noise,0.0,0.0,0.0,1
1288,none,0.0,0.0,0.0,1
1289,nonsense,0.0,0.0,0.0,1
1292,normal,0.0,0.0,0.0,1
1295,nosebleed,0.0,0.0,0.0,1
1297,notathing,0.0,0.0,0.0,1
1302,now,0.0,0.0,0.0,1
1306,obsess,0.5,1.0,0.6666666666666666,1
1314,offthepoint,1.0,1.0,1.0,1
1332,oral,0.5,1.0,0.6666666666666666,1
1335,orangethroat,0.0,0.0,0.0,1
1338,ostrich,0.0,0.0,0.0,1
1348,owe,0.0,0.0,0.0,1
1351,p,0.0,0.0,0.0,1
1362,papercutter,1.0,1.0,1.0,1
1365,paragraph,0.0,0.0,0.0,1
1376,peace,0.0,0.0,0.0,1
1393,perceive,1.0,1.0,1.0,1
1399,persistent,0.0,0.0,0.0,1
1401,perspective,0.0,0.0,0.0,1
1406,philosophy,0.0,0.0,0.0,1
1407,phone,0.0,0.0,0.0,1
1410,piano,0.0,0.0,0.0,1
1413,picnic,0.0,0.0,0.0,1
1417,pile,0.0,0.0,0.0,1
1424,pirate,0.0,0.0,0.0,1
1426,pitcher,0.0,0.0,0.0,1
1434,plant,1.0,1.0,1.0,1
1436,platform,0.0,0.0,0.0,1
1437,play,0.0,0.0,0.0,1
1448,point,0.0,0.0,0.0,1
1450,pole,0.0,0.0,0.0,1
1454,ponder,0.0,0.0,0.0,1
1455,poop,0.0,0.0,0.0,1
1456,poor,0.0,0.0,0.0,1
1458,popcorn,0.0,0.0,0.0,1
1462,positive,0.0,0.0,0.0,1
1466,potato,0.0,0.0,0.0,1
1467,pour,0.08,1.0,0.14814814814814814,2
1469,power,0.0,0.0,0.0,1
1472,preacher,0.0,0.0,0.0,1
1473,precious,0.3333333333333333,1.0,0.5,1
1475,prefer,0.0,0.0,0.0,1
1482,price,0.0,0.0,0.0,1
1494,project,0.0,0.0,0.0,1
1495,promise,0.0,0.0,0.0,1
1496,promote,0.0,0.0,0.0,1
1504,psychology,0.0,0.0,0.0,1
1514,q,0.0,0.0,0.0,1
1521,quite a little,0.0,0.0,0.0,3
1522,r,0.0,0.0,0.0,1
1524,race,0.0,0.0,0.0,1
1525,radio,0.0,0.0,0.0,1
1534,razor,0.0,0.0,0.0,1
1546,reduce,0.0,0.0,0.0,1
1555,relief,1.0,1.0,1.0,1
1561,replace,0.0,0.0,0.0,1
1566,resign,0.0,0.0,0.0,1
1567,resist,0.0,0.0,0.0,1
1572,restaurant,0.0,0.0,0.0,1
1577,revenge,0.0,0.0,0.0,1
1595,roof,0.0,0.0,0.0,1
1596,room,0.0,0.0,0.0,1
1603,rude,0.0,0.0,0.0,1
1608,rush,0.0,0.0,0.0,1
1610,s,0.06451612903225806,1.0,0.12121212121212122,2
1614,sailboat,0.0,0.0,0.0,1
1617,saltshaker,0.0,0.0,0.0,1
1634,school,0.07407407407407407,1.0,0.13793103448275862,2
1640,score,1.0,1.0,1.0,1
1644,screwdriver,0.0,0.0,0.0,1
1647,sculpt,0.0,0.0,0.0,1
1651,secretary,0.0,0.0,0.0,1
1652,see,0.0,0.0,0.0,1
1655,select,0.0,0.0,0.0,1
1666,set,0.0,0.0,0.0,1
1670,several,0.0,0.0,0.0,1
1672,shake,0.0,0.0,0.0,1
1676,share,0.0,0.0,0.0,1
1690,shop,0.125,1.0,0.2222222222222222,2
1692,shortperson,0.3333333333333333,1.0,0.5,1
1700,shower,1.0,1.0,1.0,1
1707,signature,0.0,0.0,0.0,1
1718,six,0.0,0.0,0.0,1
1726,skunk,0.0,0.0,0.0,1
1730,slew,0.0,0.0,0.0,1
1733,slingshot,0.0,0.0,0.0,1
1735,slipper,0.0,0.0,0.0,1
1737,small,0.0,0.0,0.0,1
1741,smile,1.0,1.0,1.0,1
1749,sneeze,0.0,0.0,0.0,1
1750,snob,0.0,0.0,0.0,1
1752,snow,1.0,1.0,1.0,1
1757,soap,0.0,0.0,0.0,1
1760,socialize,0.5,1.0,0.6666666666666666,1
1769,something,0.0,0.0,0.0,1
1771,son,0.0,0.0,0.0,1
1777,soup,0.0,0.0,0.0,1
1785,spate,0.0,0.0,0.0,1
1794,spitout,0.0,0.0,0.0,1
1795,spontaneous,0.0,0.0,0.0,1
1796,spoon,0.0,0.0,0.0,1
1798,spotsomething,0.0,0.0,0.0,1
1801,square,0.0,0.0,0.0,1
1808,staff,0.0,0.0,0.0,1
1815,starbucks,0.0,0.0,0.0,1
1822,steak,0.0,0.0,0.0,1
1830,sting,0.0,0.0,0.0,1
1832,stir,0.0,0.0,0.0,1
1836,stopwatch,0.0,0.0,0.0,1
1837,story,1.0,1.0,1.0,1
1841,strangle,0.5,1.0,0.6666666666666666,1
1843,strawberry,0.0,0.0,0.0,1
1850,strong,0.0,0.0,0.0,1
1858,stupid,0.0,0.0,0.0,1
1864,summer,0.0,0.0,0.0,1
1865,summon,0.0,0.0,0.0,1
1866,sun,0.0,0.0,0.0,1
1874,support,0.0,0.0,0.0,1
1880,sushi,0.0,0.0,0.0,1
1882,suspend,0.0,0.0,0.0,1
1884,swallow,0.0,0.0,0.0,1
1890,sweetheart,0.0,0.0,0.0,1
1892,swing,0.0,0.0,0.0,1
1898,table,0.0,0.0,0.0,1
1905,talk,0.0,0.0,0.0,1
1909,taste,0.0,0.0,0.0,1
1915,tearrip,0.0,0.0,0.0,1
1918,teenager,0.0,0.0,0.0,1
1927,test,0.0,0.0,0.0,1
1949,thirsty,0.0,0.0,0.0,1
1950,three,0.0,0.0,0.0,1
1958,tie,0.0,0.0,0.0,1
1977,toothbrush,0.0,0.0,0.0,1
1978,top,0.0,0.0,0.0,1
1979,topic,1.0,1.0,1.0,1
1981,toss,0.0,0.0,0.0,1
1983,touch,0.0,0.0,0.0,1
1986,tow,0.0,0.0,0.0,1
2001,trim back,0.0,0.0,0.0,1
2002,trim down,0.0,0.0,0.0,2
2004,triple,0.0,0.0,0.0,1
2007,truck,0.0,0.0,0.0,1
2014,turkey,1.0,1.0,1.0,1
2015,turn,0.0,0.0,0.0,1
2022,two,0.0,0.0,0.0,1
2023,twomore,0.0,0.0,0.0,1
2026,udder,0.0,0.0,0.0,1
2032,under,0.0,0.0,0.0,1
2036,unicorn,0.0,0.0,0.0,1
2038,universe,0.0,0.0,0.0,1
2046,v,0.0,0.0,0.0,1
2058,verb,0.0,0.0,0.0,1
2061,vest,0.0,0.0,0.0,1
2063,videocamera,0.3333333333333333,1.0,0.5,1
2068,virtually,0.0,0.0,0.0,1
2072,visualize,0.0,0.0,0.0,1
2073,vitamins,0.0,0.0,0.0,1
2077,volleyball,0.0,0.0,0.0,1
2082,wad,0.0,0.0,0.0,1
2083,wade,0.0,0.0,0.0,1
2087,walk-tightrope-cl,0.0,0.0,0.0,1
2088,wall,1.0,1.0,1.0,1
2097,wash,0.0,0.0,0.0,1
2101,washmachine,0.0,0.0,0.0,1
2104,water,0.0,0.0,0.0,1
2119,weight,0.0,0.0,0.0,2
2133,wheelchair,0.3333333333333333,1.0,0.5,1
2138,whip,0.0,0.0,0.0,1
2143,who,0.0,0.0,0.0,1
2144,whole,0.0,0.0,0.0,1
2150,will,0.0,0.0,0.0,1
2155,window,0.0,0.0,0.0,1
2158,wink,0.0,0.0,0.0,1
2160,wise,0.0,0.0,0.0,1
2163,with,0.0,0.0,0.0,1
2165,wolf,0.0,0.0,0.0,1
2166,woman,0.0,0.0,0.0,1
2168,wood,0.0,0.0,0.0,1
2172,workshop,0.0,0.0,0.0,1
2184,writeonwall,0.0,0.0,0.0,1
2204,zipper,0.0,0.0,0.0,1
