sample_id,word,y_true,y_pred,pred_word,correct,active_frames,short_active_interval,stretch
part_1/001562079489014323-REPLACE.mp4,replace,1561,63,animal,False,17,True,1.7647058823529411
part_1/0070019227198838685-MOSQUITO.mp4,mosquito,1234,1634,school,False,29,True,1.0344827586206897
part_1/016320392648127235-AIRPLANE.mp4,airplane,40,222,boss,False,37,False,0.8108108108108109
part_1/01736975825947895-DRIP.mp4,drip,591,222,boss,False,37,False,0.8108108108108109
part_1/02185976473813267-SCHOOL.mp4,school,1634,1634,school,True,39,False,0.7692307692307693
part_1/026478949400837504-STING.mp4,sting,1830,63,animal,False,16,True,1.875
part_1/02849647094172214-MELT.mp4,melt,1195,63,animal,False,53,False,0.5660377358490566
part_1/03150905619350208-SELECT.mp4,select,1655,389,climbladder,False,22,True,1.3636363636363635
part_1/03162833308491719-seedSTRANGLE.mp4,strangle,1841,1841,strangle,True,43,False,0.6976744186046512
part_1/037495253259864025-COMMITTEE.mp4,committee,414,1332,oral,False,20,True,1.5
part_1/0383508135640489-WILL.mp4,will,2150,1467,pour,False,20,True,1.5
part_1/04690553070267223-DRIBBLE.mp4,dribble,588,1467,pour,False,26,True,1.1538461538461537
part_1/05219141482368883-VEST.mp4,vest,2061,2002,trim down,False,15,True,2.0
part_1/05529229163365468-LEATHER.mp4,leather,1102,864,grenade,False,38,False,0.7894736842105263
part_1/057961626489608786-DISNEY.mp4,disney,548,969,howl,False,18,True,1.6666666666666667
part_1/05960401252194858-BRAINSTORM.mp4,brainstorm,244,244,brainstorm,True,31,False,0.967741935483871
part_1/06250661500867993-AIRPLANE.mp4,airplane,40,1217,mirror,False,26,True,1.1538461538461537
part_1/06667344658822971-DEODORANT.mp4,deodorant,516,389,climbladder,False,30,False,1.0
part_1/06982327750615669-BOARD.mp4,board,210,1634,school,False,24,True,1.25
part_1/07055642168322596-SOCIALIZE.mp4,socialize,1760,1760,socialize,True,51,False,0.5882352941176471
part_1/07652904644501302-PONDER.mp4,ponder,1454,389,climbladder,False,44,False,0.6818181818181818
part_1/07964079458380247-DIRECTOR.mp4,director,541,541,director,True,51,False,0.5882352941176471
part_1/08167080058381582-DEVOUR.mp4,devour,527,1473,precious,False,35,False,0.8571428571428571
part_1/08384216500026387-TOOTHBRUSH.mp4,toothbrush,1977,389,climbladder,False,12,True,2.5
part_1/08673843529675529-WOLF.mp4,wolf,2165,389,climbladder,False,14,True,2.142857142857143
part_1/08990722330487633-SNOB.mp4,snob,1750,222,boss,False,25,True,1.2
part_1/09070448909781481-LIE.mp4,lie,1120,1120,lie,True,17,True,1.7647058823529411
part_1/09372531487486135-ORAL.mp4,oral,1332,1332,oral,True,31,False,0.967741935483871
part_1/09602770669006189-SIGNATURE.mp4,signature,1707,63,animal,False,14,True,2.142857142857143
part_1/10227148303927724-CLIMB LADDER.mp4,climbladder,389,389,climbladder,True,37,False,0.8108108108108109
part_1/10318499069402809-seedWITH.mp4,with,2163,63,animal,False,37,False,0.8108108108108109
part_1/10673600991450427-GET IN_BED.mp4,getinbed,815,1521,quite a little,False,35,False,0.8571428571428571
part_1/1068161656277502-HOLY.mp4,holy,948,1634,school,False,58,False,0.5172413793103449
part_1/1083098587224911-EACH.mp4,each,606,1634,school,False,37,False,0.8108108108108109
part_1/11052983155454288-PERCEIVE.mp4,perceive,1393,1393,perceive,True,61,False,0.4918032786885246
part_1/11091344459201657-ME.mp4,me,1184,1610,s,False,45,False,0.6666666666666666
part_1/11515947422052664-UDDER.mp4,udder,2026,1521,quite a little,False,33,False,0.9090909090909091
part_1/11783459552698217-EGG BEATER.mp4,eggbeater,625,625,eggbeater,True,46,False,0.6521739130434783
part_1/11965070615236195-LIGHTNING.mp4,lightning,1124,389,climbladder,False,22,True,1.3636363636363635
part_1/12124668274226069-PROJECT.mp4,project,1494,1634,school,False,38,False,0.7894736842105263
part_1/12221538032492663-GALLAUDET.mp4,gallaudet,802,389,climbladder,False,18,True,1.6666666666666667
part_1/12845941567802943-PARAGRAPH.mp4,paragraph,1365,815,getinbed,False,16,True,1.875
part_1/1293300004047313-BECAUSE.mp4,because,157,1217,mirror,False,35,False,0.8571428571428571
part_1/12967813466333067-DEPRESS.mp4,depress,519,63,animal,False,79,False,0.379746835443038
part_1/13099227098135868-MARIONETTE.mp4,marionette,1176,1217,mirror,False,35,False,0.8571428571428571
part_1/13406592096695746-FREE.mp4,free,776,776,free,True,31,False,0.967741935483871
part_1/13697993160966937-LIPSTICK.mp4,lipstick,1130,1467,pour,False,48,False,0.625
part_1/13739657899319724-CLIMB LADDER.mp4,climbladder,389,389,climbladder,True,226,False,0.13274336283185842
part_1/14615094008591-SUN.mp4,sun,1866,389,climbladder,False,41,False,0.7317073170731707
part_1/15631750362649433-AT.mp4,at,92,1521,quite a little,False,42,False,0.7142857142857143
part_1/1583359273533682-HOOD.mp4,hood,955,1217,mirror,False,34,False,0.8823529411764706
part_1/1590837677039214-BIRTH.mp4,birth,185,1521,quite a little,False,44,False,0.6818181818181818
part_1/1649337242624458-CAPE.mp4,cape,309,532,die,False,37,False,0.8108108108108109
part_1/17168186292515686-NEVER.mp4,never,1277,1217,mirror,False,6,True,5.0
part_1/17466826956034764-SPONTANEOUS.mp4,spontaneous,1795,40,airplane,False,31,False,0.967741935483871
part_1/17984011488050022-MORE.mp4,more,1232,63,animal,False,24,True,1.25
part_10/phone_video_10.mp4,phone,1407,1467,pour,False,29,True,1.0344827586206897
part_10/pitcher_video_6.mp4,pitcher,1426,63,animal,False,92,False,0.32608695652173914
part_10/play_video_25.mp4,play,1437,63,animal,False,55,False,0.5454545454545454
part_10/point_1.mp4,point,1448,63,animal,False,40,False,0.75
part_10/poor_video_10.mp4,poor,1456,63,animal,False,103,False,0.2912621359223301
part_10/pour_20241119_172651_20.mp4,pour,1467,1467,pour,True,46,False,0.6521739130434783
part_10/pour_20241119_172651_44.mp4,pour,1467,1467,pour,True,18,True,1.6666666666666667
part_10/price_6.mp4,price,1482,63,animal,False,59,False,0.5084745762711864
part_10/psychology_video_0.mp4,psychology,1504,1634,school,False,56,False,0.5357142857142857
part_10/quite_a_little_video_35.mp4,quite a little,1521,2087,walk-tightrope-cl,False,101,False,0.297029702970297
part_10/quite_a_little_video_36.mp4,quite a little,1521,63,animal,False,64,False,0.46875
part_10/quite_a_little_video_42.mp4,quite a little,1521,63,animal,False,55,False,0.5454545454545454
part_10/r_video_2_r_aug_7.mp4,r,1522,1217,mirror,False,124,False,0.24193548387096775
part_10/razor_20241119_172651_14.mp4,razor,1534,222,boss,False,24,True,1.25
part_10/relief_video_0.mp4,relief,1555,1555,relief,True,41,False,0.7317073170731707
part_10/resist_video_0.mp4,resist,1567,1467,pour,False,58,False,0.5172413793103449
part_10/restaurant_7.mp4,restaurant,1572,1610,s,False,27,True,1.1111111111111112
part_10/s_4_s_aug_16.mp4,s,1610,1610,s,True,30,False,1.0
part_10/s_4_s_aug_20.mp4,s,1610,1610,s,True,30,False,1.0
part_10/score_video_7.mp4,score,1640,1640,score,True,45,False,0.6666666666666666
part_10/screwdriver_20241119_172653_5.mp4,screwdriver,1644,1634,school,False,38,False,0.7894736842105263
part_10/set_video_58.mp4,set,1666,63,animal,False,25,True,1.2
part_10/shake_20241119_172653_45.mp4,shake,1672,1521,quite a little,False,32,False,0.9375
part_10/share_video_5.mp4,share,1676,63,animal,False,65,False,0.46153846153846156
part_10/shop_20241119_172653_53.mp4,shop,1690,1690,shop,True,43,False,0.6976744186046512
part_10/shop_20241119_172653_63.mp4,shop,1690,1690,shop,True,33,False,0.9090909090909091
part_10/shower_9.mp4,shower,1700,1700,shower,True,44,False,0.6818181818181818
part_10/slew_video_18.mp4,slew,1730,532,die,False,45,False,0.6666666666666666
part_10/smile_20241119_172654_6.mp4,smile,1741,1741,smile,True,44,False,0.6818181818181818
part_10/sneeze_20241119_172654_49.mp4,sneeze,1749,1610,s,False,23,True,1.3043478260869565
part_10/snow_20241119_172654_48.mp4,snow,1752,1752,snow,True,59,False,0.5084745762711864
part_10/soap_20241119_172654_32.mp4,soap,1757,641,enemy,False,21,True,1.4285714285714286
part_10/something_6.mp4,something,1769,1610,s,False,26,True,1.1538461538461537
part_10/son_video_5.mp4,son,1771,63,animal,False,36,False,0.8333333333333334
part_10/spate_video_11.mp4,spate,1785,1690,shop,False,27,True,1.1111111111111112
part_10/square_video_7.mp4,square,1801,63,animal,False,98,False,0.30612244897959184
part_11/story_20241119_172655_31.mp4,story,1837,1837,story,True,22,True,1.3636363636363635
part_11/strawberry_20241119_172655_113.mp4,strawberry,1843,5,a,False,15,True,2.0
part_11/stupid_20241119_172655_5.mp4,stupid,1858,389,climbladder,False,164,False,0.18292682926829268
part_11/support_20241119_172655_89.mp4,support,1874,389,climbladder,False,33,False,0.9090909090909091
part_11/sweetheart_5.mp4,sweetheart,1890,1521,quite a little,False,46,False,0.6521739130434783
part_11/swing_20241119_172656_3.mp4,swing,1892,1690,shop,False,48,False,0.625
part_11/talk_20241119_172656_39.mp4,talk,1905,63,animal,False,20,True,1.5
part_11/tearrip_20241119_195755_34.mp4,tearrip,1915,1610,s,False,48,False,0.625
part_11/test_1.mp4,test,1927,63,animal,False,59,False,0.5084745762711864
part_11/tie_20241119_172656_20.mp4,tie,1958,63,animal,False,42,False,0.7142857142857143
part_11/topic_video_1.mp4,topic,1979,1979,topic,True,27,True,1.1111111111111112
part_11/toss_video_9.mp4,toss,1981,389,climbladder,False,52,False,0.5769230769230769
part_11/tow_20241119_172658_64.mp4,tow,1986,1610,s,False,30,False,1.0
part_11/trim_back_video_7.mp4,trim back,2001,1610,s,False,32,False,0.9375
part_11/trim_down_video_17.mp4,trim down,2002,63,animal,False,44,False,0.6818181818181818
part_11/trim_down_video_19.mp4,trim down,2002,1467,pour,False,39,False,0.7692307692307693
part_11/triple_video_0.mp4,triple,2004,63,animal,False,57,False,0.5263157894736842
part_11/truck_20241119_172657_23.mp4,truck,2007,40,airplane,False,28,True,1.0714285714285714
part_11/turkey_20241119_172657_26.mp4,turkey,2014,2014,turkey,True,40,False,0.75
part_11/turn_video_17.mp4,turn,2015,63,animal,False,38,False,0.7894736842105263
part_11/universe_video_6.mp4,universe,2038,1217,mirror,False,177,False,0.1694915254237288
part_11/verb_3.mp4,verb,2058,1610,s,False,27,True,1.1111111111111112
part_11/videocamera_20241119_195755_53.mp4,videocamera,2063,2063,videocamera,True,24,True,1.25
part_11/virtually_video_33.mp4,virtually,2068,1690,shop,False,39,False,0.7692307692307693
part_11/volleyball_12.mp4,volleyball,2077,1217,mirror,False,37,False,0.8108108108108109
part_11/wad_video_14.mp4,wad,2082,1521,quite a little,False,139,False,0.2158273381294964
part_11/wade_20241119_172657_17.mp4,wade,2083,1634,school,False,38,False,0.7894736842105263
part_11/wash_20241119_172657_43.mp4,wash,2097,1690,shop,False,28,True,1.0714285714285714
part_11/whole_video_0.mp4,whole,2144,63,animal,False,52,False,0.5769230769230769
part_11/woman_20241119_172658_17.mp4,woman,2166,1690,shop,False,30,False,1.0
part_2/1921109044689493-CHIN 2.mp4,chin,365,1610,s,False,4,True,7.5
part_2/19310281578453936-FLOOR.mp4,floor,746,63,animal,False,21,True,1.4285714285714286
part_2/19504771270327392-DOWNHILL.mp4,downhill,577,815,getinbed,False,44,False,0.6818181818181818
part_2/19545712784088498-BOYFRIEND.mp4,boyfriend,237,63,animal,False,26,True,1.1538461538461537
part_2/19555143420060128-DESERT.mp4,desert,521,1692,shortperson,False,40,False,0.75
part_2/20185673274367666-BOWL.mp4,bowl,231,231,bowl,True,38,False,0.7894736842105263
part_2/2111386793579384-BUSY.mp4,busy,278,1521,quite a little,False,43,False,0.6976744186046512
part_2/2166706317765814-seedTHIRSTY.mp4,thirsty,1949,1610,s,False,37,False,0.8108108108108109
part_2/22131493772876776-GRENADE.mp4,grenade,864,864,grenade,True,52,False,0.5769230769230769
part_2/22674341962713362-SCULPT.mp4,sculpt,1647,63,animal,False,72,False,0.4166666666666667
part_2/22807837821841792-MICROPHONE.mp4,microphone,1205,1841,strangle,False,14,True,2.142857142857143
part_2/22869752585996928-SPOT SOMETHING.mp4,spotsomething,1798,1217,mirror,False,30,False,1.0
part_2/23200756464812655-POTATO.mp4,potato,1466,641,enemy,False,48,False,0.625
part_2/2323645828053269-POSITIVE.mp4,positive,1462,1610,s,False,31,False,0.967741935483871
part_2/2343216679570781-NORMAL.mp4,normal,1292,63,animal,False,28,True,1.0714285714285714
part_2/2364210157511506-BUTTERFLY.mp4,butterfly,281,1634,school,False,32,False,0.9375
part_2/25212848794367093-SECRETARY.mp4,secretary,1651,1634,school,False,26,True,1.1538461538461537
part_2/25893101303507393-RESIGN.mp4,resign,1566,817,gettogether,False,31,False,0.967741935483871
part_2/26520120613127607-seedTHREE.mp4,three,1950,389,climbladder,False,25,True,1.2
part_2/2656237341874321-MAKE.mp4,make,1170,1690,shop,False,31,False,0.967741935483871
part_2/27060204573109714-MIRROR.mp4,mirror,1217,1217,mirror,True,22,True,1.3636363636363635
part_2/2722148210073596-UNDER.mp4,under,2032,1521,quite a little,False,45,False,0.6666666666666666
part_2/2769869558821827-GOOSEBUMPS.mp4,goosebumps,843,843,goosebumps,True,37,False,0.8108108108108109
part_2/28911738205017423-CANCELLATION.mp4,cancellation,302,222,boss,False,31,False,0.967741935483871
part_2/2898932154319185-PAPERCUTTER.mp4,papercutter,1362,1362,papercutter,True,82,False,0.36585365853658536
part_2/290923566270898-WINDOW.mp4,window,2155,1610,s,False,14,True,2.142857142857143
part_2/2943130704557879-SIX.mp4,six,1718,40,airplane,False,33,False,0.9090909090909091
part_2/295061685532646-CLAUSE.mp4,clause,382,1217,mirror,False,39,False,0.7692307692307693
part_2/31836165575164843-BELL.mp4,bell,168,168,bell,True,44,False,0.6818181818181818
part_2/31925311439909554-WEIGHT.mp4,weight,2119,63,animal,False,66,False,0.45454545454545453
part_2/32842858684612586-BISON.mp4,bison,187,40,airplane,False,52,False,0.5769230769230769
part_2/3312588734862034-PILE.mp4,pile,1417,532,die,False,21,True,1.4285714285714286
part_2/3330328541611316-RADIO.mp4,radio,1525,222,boss,False,31,False,0.967741935483871
part_2/3361903255004919-RUSH.mp4,rush,1608,1690,shop,False,34,False,0.8823529411764706
part_2/35346895720914806-MAYBE.mp4,maybe,1182,63,animal,False,61,False,0.4918032786885246
part_2/3583049668962337-TASTE.mp4,taste,1909,1059,k,False,10,True,3.0
part_3/35969967298763006-FREEDOM.mp4,freedom,777,777,freedom,True,27,True,1.1111111111111112
part_3/36480330348902146-CROCODILE.mp4,crocodile,466,1634,school,False,39,False,0.7692307692307693
part_3/368376359924691-REVENGE.mp4,revenge,1577,1473,precious,False,43,False,0.6976744186046512
part_3/36949718497211914-PREACHER.mp4,preacher,1472,1467,pour,False,34,False,0.8823529411764706
part_3/38173408331335357-WRITE ON_WALL.mp4,writeonwall,2184,389,climbladder,False,32,False,0.9375
part_3/3828391878319799-SUSHI.mp4,sushi,1880,63,animal,False,29,True,1.0344827586206897
part_3/38374953389283006-WINK.mp4,wink,2158,389,climbladder,False,34,False,0.8823529411764706
part_3/3973381149037627-DIE.mp4,die,532,532,die,True,35,False,0.8571428571428571
part_3/4055061458158007-RUDE.mp4,rude,1603,1690,shop,False,36,False,0.8333333333333334
part_3/40599977168714196-MUSTACHE.mp4,mustache,1254,40,airplane,False,33,False,0.9090909090909091
part_3/4101890148556435-PLATFORM.mp4,platform,1436,5,a,False,33,False,0.9090909090909091
part_3/4117070918339236-NONE.mp4,none,1288,1634,school,False,29,True,1.0344827586206897
part_3/41939881353624053-RACE.mp4,race,1524,63,animal,False,40,False,0.75
part_3/4200856674768396-SEVERAL.mp4,several,1670,222,boss,False,43,False,0.6976744186046512
part_3/4272254527792845-PERSISTENT.mp4,persistent,1399,678,explode,False,36,False,0.8333333333333334
part_3/4285498435513857-OFF THE_POINT.mp4,offthepoint,1314,1314,offthepoint,True,27,True,1.1111111111111112
part_3/4342737241901915-SEE.mp4,see,1652,222,boss,False,39,False,0.7692307692307693
part_3/4427416254508614-EMAIL.mp4,email,635,5,a,False,41,False,0.7317073170731707
part_3/44398695037707947-ROOM.mp4,room,1596,1634,school,False,28,True,1.0714285714285714
part_3/45512324653855574-CHOPSTICKS.mp4,chopsticks,370,222,boss,False,28,True,1.0714285714285714
part_3/457097411184441-SALT SHAKER.mp4,saltshaker,1617,1467,pour,False,30,False,1.0
part_3/45757520326719336-WEIGHT.mp4,weight,2119,63,animal,False,30,False,1.0
part_3/47158446719889446-EGO.mp4,ego,626,626,ego,True,38,False,0.7894736842105263
part_3/4756491102518132-PICNIC.mp4,picnic,1413,532,die,False,52,False,0.5769230769230769
part_3/48313464915789317-BRAG.mp4,brag,240,641,enemy,False,44,False,0.6818181818181818
part_3/4838074686766505-SCHOOL.mp4,school,1634,1634,school,True,46,False,0.6521739130434783
part_3/48726938722294433-SWALLOW.mp4,swallow,1884,1610,s,False,30,False,1.0
part_3/4894632992540995-GET IN_BED.mp4,getinbed,815,815,getinbed,True,42,False,0.7142857142857143
part_3/4951174780421559-DEATH.mp4,death,498,1467,pour,False,9,True,3.3333333333333335
part_3/4958072496453685-REDUCE.mp4,reduce,1546,1610,s,False,25,True,1.2
part_3/4993283542043576-ZIPPER.mp4,zipper,2204,1610,s,False,22,True,1.3636363636363635
part_3/501034080069992-SAILBOAT.mp4,sailboat,1614,389,climbladder,False,35,False,0.8571428571428571
part_3/5091278642970272-HEADPHONES.mp4,headphones,914,40,airplane,False,22,True,1.3636363636363635
part_3/5099794103667052-SUMMER.mp4,summer,1864,1217,mirror,False,35,False,0.8571428571428571
part_3/5136087734043544-MEMBER.mp4,member,1196,1610,s,False,57,False,0.5263157894736842
part_3/5178948812994735-LOUD.mp4,loud,1150,389,climbladder,False,54,False,0.5555555555555556
part_3/5236730717037961-MASCARA.mp4,mascara,1178,222,boss,False,30,False,1.0
part_3/5240642662751536-PERSPECTIVE.mp4,perspective,1401,1760,socialize,False,36,False,0.8333333333333334
part_3/5284442635198221-seedCRASH.mp4,crash,459,63,animal,False,42,False,0.7142857142857143
part_3/5320352660994052-ATLANTA.mp4,atlanta,94,1610,s,False,76,False,0.39473684210526316
part_3/5322960163151325-ELEGANCE.mp4,elegance,631,1610,s,False,41,False,0.7317073170731707
part_3/5361592700937574-SUSPEND.mp4,suspend,1882,63,animal,False,28,True,1.0714285714285714
part_3/5377518041774723-CONSUME.mp4,consume,431,1467,pour,False,14,True,2.142857142857143
part_4/5397567469672582-OWE.mp4,owe,1348,815,getinbed,False,29,True,1.0344827586206897
part_4/5481447158893427-ABSOLUTELY NOTHING.mp4,absolutelynothing,9,222,boss,False,26,True,1.1538461538461537
part_4/5510822299428495-OSTRICH.mp4,ostrich,1338,1634,school,False,43,False,0.6976744186046512
part_4/5527432382922375-ENEMY.mp4,enemy,641,641,enemy,True,24,True,1.25
part_4/559768801316793-PRECIOUS.mp4,precious,1473,1473,precious,True,8,True,3.75
part_4/5628093426848517-SUMMON.mp4,summon,1865,1467,pour,False,33,False,0.9090909090909091
part_4/5654201049709489-CROCODILE.mp4,crocodile,466,1521,quite a little,False,40,False,0.75
part_4/5665441262141131-NET.mp4,net,1274,1274,net,True,31,False,0.967741935483871
part_4/5688725140267121-STEAK.mp4,steak,1822,63,animal,False,39,False,0.7692307692307693
part_4/5708598578821673-CONTINUE.mp4,continue,434,1634,school,False,43,False,0.6976744186046512
part_4/575097801448069-SPIT OUT.mp4,spitout,1794,1610,s,False,15,True,2.0
part_4/5757520428166414-TABLE.mp4,table,1898,123,bag,False,48,False,0.625
part_4/5774167915990722-CONFIDENT.mp4,confident,425,2119,weight,False,33,False,0.9090909090909091
part_4/5874422860461079-MAINSTREAM.mp4,mainstream,1168,63,animal,False,31,False,0.967741935483871
part_4/6066172643835521-VITAMINS.mp4,vitamins,2073,1610,s,False,45,False,0.6666666666666666
part_4/606708459571577-ENEMY.mp4,enemy,641,1521,quite a little,False,34,False,0.8823529411764706
part_4/6120598533455035-TOP.mp4,top,1978,1521,quite a little,False,47,False,0.6382978723404256
part_4/6190592230678937-BASIC.mp4,basic,139,1634,school,False,23,True,1.3043478260869565
part_4/6199416921256531-PROMOTE.mp4,promote,1496,1634,school,False,54,False,0.5555555555555556
part_4/6280050722469468-JEWELRY.mp4,jewelry,1046,641,enemy,False,52,False,0.5769230769230769
part_4/63226247444836-BRIGHT.mp4,bright,256,256,bright,True,32,False,0.9375
part_4/6330199362456541-EVENT.mp4,event,662,1610,s,False,35,False,0.8571428571428571
part_4/637166540888664-AGENCY.mp4,agency,38,63,animal,False,33,False,0.9090909090909091
part_4/6385604913876339-EXPLODE.mp4,explode,678,222,boss,False,31,False,0.967741935483871
part_4/639844108842305-HOWL.mp4,howl,969,222,boss,False,51,False,0.5882352941176471
part_4/6449139793505076-GOOD.mp4,good,840,1610,s,False,41,False,0.7317073170731707
part_4/6471960992477459-WHEELCHAIR.mp4,wheelchair,2133,2133,wheelchair,True,3,True,10.0
part_4/6498026727353476-HOLD ACCOUNTABLE.mp4,holdaccountable,944,1059,k,False,36,False,0.8333333333333334
part_4/6515057454623217-INDIAN.mp4,indian,1002,1217,mirror,False,48,False,0.625
part_4/6543927401448224-COST.mp4,cost,446,63,animal,False,22,True,1.3636363636363635
part_4/6564979311240984-COME OUT.mp4,comeout,411,389,climbladder,False,25,True,1.2
part_4/6582550912371123-IGNORE.mp4,ignore,989,1467,pour,False,22,True,1.3636363636363635
part_4/6602261622676402-TEENAGER.mp4,teenager,1918,389,climbladder,False,49,False,0.6122448979591837
part_4/6618587122323296-STOPWATCH.mp4,stopwatch,1836,389,climbladder,False,42,False,0.7142857142857143
part_4/661920641516625-HINGE.mp4,hinge,935,63,animal,False,42,False,0.7142857142857143
part_4/6620417008413066-PREFER.mp4,prefer,1475,1467,pour,False,24,True,1.25
part_4/6627894493111854-WHIP.mp4,whip,2138,222,boss,False,40,False,0.75
part_4/6639287403552572-FANTASY.mp4,fantasy,697,1217,mirror,False,52,False,0.5769230769230769
part_4/6640029673956236-FIFTH.mp4,fifth,716,1217,mirror,False,37,False,0.8108108108108109
part_4/6708956410631581-WORKSHOP.mp4,workshop,2172,2063,videocamera,False,28,True,1.0714285714285714
part_4/672982715949773-NOISE.mp4,noise,1287,1692,shortperson,False,34,False,0.8823529411764706
part_4/6739155491670814-MIRROR.mp4,mirror,1217,40,airplane,False,26,True,1.1538461538461537
part_4/6740870378979742-MARRY.mp4,marry,1177,1521,quite a little,False,35,False,0.8571428571428571
part_4/6745347552311414-SOUP.mp4,soup,1777,1690,shop,False,45,False,0.6666666666666666
part_4/6851609432154622-UNICORN.mp4,unicorn,2036,40,airplane,False,36,False,0.8333333333333334
part_4/6947179407989328-BUSTED.mp4,busted,277,1306,obsess,False,28,True,1.0714285714285714
part_4/6959191613137512-PIANO.mp4,piano,1410,815,getinbed,False,51,False,0.5882352941176471
part_4/6978076914016362-FAMOUS.mp4,famous,695,532,die,False,38,False,0.7894736842105263
part_4/7022292214541699-HUNDRED.mp4,hundred,974,389,climbladder,False,25,True,1.2
part_4/7032972889937701-WALK-TIGHTROPE-CL.mp4,walk-tightrope-cl,2087,1634,school,False,121,False,0.24793388429752067
part_4/7074460232925452-SKUNK.mp4,skunk,1726,40,airplane,False,43,False,0.6976744186046512
part_4/7084386663017326-STAFF.mp4,staff,1808,1610,s,False,14,True,2.142857142857143
part_4/708769017680714-HEAD.mp4,head,910,1217,mirror,False,7,True,4.285714285714286
part_4/7103942618147332-ORANGE THROAT.mp4,orangethroat,1335,1610,s,False,45,False,0.6666666666666666
part_4/7170471283154412-HEARTBODY.mp4,heartbody,921,1521,quite a little,False,48,False,0.625
part_4/718787866827413-DRYER.mp4,dryer,599,1467,pour,False,39,False,0.7692307692307693
part_4/7202275052053524-SLINGSHOT.mp4,slingshot,1733,1634,school,False,27,True,1.1111111111111112
part_5/7236529952440116-STIR.mp4,stir,1832,1521,quite a little,False,21,True,1.4285714285714286
part_5/7242876288888909-WALL.mp4,wall,2088,2088,wall,True,62,False,0.4838709677419355
part_5/7245006849273199-NOT A_THING.mp4,notathing,1297,389,climbladder,False,35,False,0.8571428571428571
part_5/7270428598615575-CHAMPION.mp4,champion,341,1217,mirror,False,36,False,0.8333333333333334
part_5/7275550135371469-IMPROVE.mp4,improve,997,997,improve,True,38,False,0.7894736842105263
part_5/7332760064631829-SHORT PERSON.mp4,shortperson,1692,1692,shortperson,True,26,True,1.1538461538461537
part_5/7342952201700828-EASY TO_DO.mp4,easytodo,618,641,enemy,False,26,True,1.1538461538461537
part_5/7355141712214706-NONSENSE.mp4,nonsense,1289,389,climbladder,False,28,True,1.0714285714285714
part_5/7388043140555935-TWO MORE.mp4,twomore,2023,389,climbladder,False,20,True,1.5
part_5/7388125968431167-SMALL.mp4,small,1737,63,animal,False,19,True,1.5789473684210527
part_5/7391350877622198-TWO.mp4,two,2022,1059,k,False,10,True,3.0
part_5/7414236047407246-WISE.mp4,wise,2160,40,airplane,False,31,False,0.967741935483871
part_5/7486439188211713-LAW.mp4,law,1091,1634,school,False,43,False,0.6976744186046512
part_5/7527029229359257-STARBUCKS.mp4,starbucks,1815,1217,mirror,False,33,False,0.9090909090909091
part_5/761622248999501-CAROUSEL.mp4,carousel,316,2119,weight,False,53,False,0.5660377358490566
part_5/763498941361828-ALL WAY.mp4,allway,51,389,climbladder,False,20,True,1.5
part_5/7649422761687801-BITCH.mp4,bitch,188,1467,pour,False,23,True,1.3043478260869565
part_5/7665344568774906-STRONG.mp4,strong,1850,1217,mirror,False,19,True,1.5789473684210527
part_5/7709413638313658-PEACE.mp4,peace,1376,1634,school,False,34,False,0.8823529411764706
part_5/7719463054713409-BACON.mp4,bacon,120,40,airplane,False,52,False,0.5769230769230769
part_5/7813798378617343-BINOCULARS.mp4,binoculars,182,1217,mirror,False,47,False,0.6382978723404256
part_5/7871589392560625-PROMISE.mp4,promise,1495,864,grenade,False,33,False,0.9090909090909091
part_5/7908307098233258-PHILOSOPHY.mp4,philosophy,1406,389,climbladder,False,41,False,0.7317073170731707
part_5/7921459983875652-BLEED.mp4,bleed,195,1634,school,False,39,False,0.7692307692307693
part_5/8007270485753197-ITCH.mp4,itch,1038,1690,shop,False,81,False,0.37037037037037035
part_5/8035766172480758-SPOON.mp4,spoon,1796,1610,s,False,25,True,1.2
part_5/8040413047655517-WHO.mp4,who,2143,1610,s,False,18,True,1.6666666666666667
part_5/8205773121223954-POWER.mp4,power,1469,997,improve,False,41,False,0.7317073170731707
part_5/8210462187869705-BLOW MIND.mp4,blowmind,206,1217,mirror,False,29,True,1.0344827586206897
part_5/8213420013877373-OBSESS.mp4,obsess,1306,1306,obsess,True,47,False,0.6382978723404256
part_5/830820846298649-seedWOOD.mp4,wood,2168,63,animal,False,57,False,0.5263157894736842
part_5/8337247032758022-ATTENTION.mp4,attention,95,389,climbladder,False,43,False,0.6976744186046512
part_5/8342410352892276-MOCK.mp4,mock,1222,1610,s,False,25,True,1.2
part_5/8375949091211665-JIGSAW PUZZLE.mp4,jigsawpuzzle,1048,63,animal,False,104,False,0.28846153846153844
part_5/8428189850668126-HEN.mp4,hen,929,1217,mirror,False,21,True,1.4285714285714286
part_5/8470723155711255-ANIMAL.mp4,animal,63,63,animal,True,45,False,0.6666666666666666
part_5/8545363405007698-FLIP SWITCH.mp4,flipswitch,744,1059,k,False,5,True,6.0
part_5/861943373105919-DILEMMA.mp4,dilemma,537,1521,quite a little,False,28,True,1.0714285714285714
part_5/8631506472137154-DEFLATE.mp4,deflate,506,1467,pour,False,40,False,0.75
part_5/8656492779276159-CHEESE GRATER.mp4,cheesegrater,357,40,airplane,False,42,False,0.7142857142857143
part_5/8696305530592072-POOP.mp4,poop,1455,63,animal,False,47,False,0.6382978723404256
part_5/8699210337284036-NOW.mp4,now,1302,641,enemy,False,17,True,1.7647058823529411
part_5/8738294912791575-GET TOGETHER.mp4,gettogether,817,817,gettogether,True,44,False,0.6818181818181818
part_5/8759690473866555-MUMMY.mp4,mummy,1247,123,bag,False,31,False,0.967741935483871
part_5/8762740499189581-BOSS.mp4,boss,222,222,boss,True,19,True,1.5789473684210527
part_5/8765379179357844-WASH MACHINE.mp4,washmachine,2101,1690,shop,False,36,False,0.8333333333333334
part_5/8774968471358-POLE.mp4,pole,1450,389,climbladder,False,31,False,0.967741935483871
part_5/8830124407529862-PLANT.mp4,plant,1434,1434,plant,True,32,False,0.9375
part_5/8860308707960689-ROOF.mp4,roof,1595,1217,mirror,False,28,True,1.0714285714285714
part_5/8885915598928231-CARRY.mp4,carry,318,2119,weight,False,34,False,0.8823529411764706
part_5/888614784762559-POPCORN.mp4,popcorn,1458,63,animal,False,13,True,2.3076923076923075
part_5/8953075518220837-COMMUTE.mp4,commute,417,63,animal,False,73,False,0.410958904109589
part_6/9001663609516171-FLIPFLOPS.mp4,flipflops,743,2133,wheelchair,False,29,True,1.0344827586206897
part_6/9045560219783599-DO DO.mp4,dodo,560,1634,school,False,31,False,0.967741935483871
part_6/9124929111701665-NECK.mp4,neck,1267,1610,s,False,109,False,0.27522935779816515
part_6/9166220101554237-NEAR.mp4,near,1265,1265,near,True,26,True,1.1538461538461537
part_6/9225802407671602-BATH.mp4,bath,144,63,animal,False,45,False,0.6666666666666666
part_6/9249741371593849-SLIPPER.mp4,slipper,1735,997,improve,False,32,False,0.9375
part_6/9271543226842556-MOUSE.mp4,mouse,1240,1240,mouse,True,23,True,1.3043478260869565
part_6/9354715454887605-GREEN.mp4,green,862,5,a,False,61,False,0.4918032786885246
part_6/9368540135693042-seedTOUCH.mp4,touch,1983,63,animal,False,31,False,0.967741935483871
part_6/9434616943387211-DANCE.mp4,dance,487,1467,pour,False,57,False,0.5263157894736842
part_6/9468945982728585-EVALUATE.mp4,evaluate,660,256,bright,False,35,False,0.8571428571428571
part_6/9469327065533588-NOSE BLEED.mp4,nosebleed,1295,1467,pour,False,18,True,1.6666666666666667
part_6/9641716767561754-COUNT.mp4,count,450,63,animal,False,36,False,0.8333333333333334
part_6/968185019787583-BACKYARD.mp4,backyard,119,63,animal,False,72,False,0.4166666666666667
part_6/9738124822287095-CANNON.mp4,cannon,306,1690,shop,False,38,False,0.7894736842105263
part_6/9739619129066301-VISUALIZE.mp4,visualize,2072,1217,mirror,False,52,False,0.5769230769230769
part_6/9756898650736014-PIRATE.mp4,pirate,1424,389,climbladder,False,26,True,1.1538461538461537
part_6/9769917325972981-LIBRARY.mp4,library,1116,222,boss,False,45,False,0.6666666666666666
part_6/9819880833945527-HANDCUFFS.mp4,handcuffs,891,63,animal,False,37,False,0.8108108108108109
part_6/9862882272897495-DRY.mp4,dry,598,1467,pour,False,11,True,2.727272727272727
part_6/989516810898259-MATCH.mp4,match,1180,1634,school,False,40,False,0.75
part_6/A_video_1_a_aug_11.mp4,a,5,5,a,True,39,False,0.7692307692307693
part_6/C • ASL Dictionary_c_aug_2.mp4,c,284,1467,pour,False,29,True,1.0344827586206897
part_6/California_video_0.mp4,california,290,1467,pour,False,38,False,0.7894736842105263
part_6/Earth_video_21.mp4,earth,612,1521,quite a little,False,40,False,0.75
part_6/H2O_video_10.mp4,water,2104,1217,mirror,False,71,False,0.4225352112676056
part_6/J_video_3_j_aug_24.mp4,j,1039,1039,j,True,74,False,0.40540540540540543
part_6/K_video_2_k_aug_8.mp4,k,1059,1467,pour,False,42,False,0.7142857142857143
part_6/L_video_1_l_aug_3.mp4,l,1080,1080,l,True,44,False,0.6818181818181818
part_6/M_video_1_m_aug_1.mp4,m,1158,1158,m,True,28,True,1.0714285714285714
part_6/N_video_3_n_aug_3.mp4,n,1257,1521,quite a little,False,34,False,0.8823529411764706
part_6/P_video_1.mp4,p,1351,1467,pour,False,41,False,0.7317073170731707
part_6/Q_video_0_q_aug_1.mp4,q,1514,2133,wheelchair,False,27,True,1.1111111111111112
part_6/V.mp4,v,2046,63,animal,False,64,False,0.46875
part_6/adopt_video_1.mp4,adopt,28,63,animal,False,62,False,0.4838709677419355
part_6/advantage_video_2.mp4,advantage,30,63,animal,False,47,False,0.6382978723404256
part_6/animal_13.mp4,animal,63,63,animal,True,54,False,0.5555555555555556
part_6/animal_video_52.mp4,animal,63,63,animal,True,53,False,0.5660377358490566
part_6/animate_being_video_49.mp4,animate being,64,63,animal,False,55,False,0.5454545454545454
part_6/art_video_4.mp4,art,83,815,getinbed,False,58,False,0.5172413793103449
part_6/article_5.mp4,article,84,63,animal,False,37,False,0.8108108108108109
part_6/assist_8.mp4,assist,89,1521,quite a little,False,34,False,0.8823529411764706
part_6/b_3_b_aug_4.mp4,b,110,222,boss,False,252,False,0.11904761904761904
part_6/baby_20241119_172633_60.mp4,baby,111,63,animal,False,33,False,0.9090909090909091
part_6/backbone_video_30.mp4,backbone,115,63,animal,False,36,False,0.8333333333333334
part_6/backpack_20241119_172633_47.mp4,backpack,117,2063,videocamera,False,63,False,0.47619047619047616
part_6/bag_20241119_172633_81.mp4,bag,123,123,bag,True,55,False,0.5454545454545454
part_6/ball_video_5.mp4,ball,127,63,animal,False,36,False,0.8333333333333334
part_6/banana_20241119_172634_60.mp4,banana,129,63,animal,False,52,False,0.5769230769230769
part_7/bat_20241119_172634_72.mp4,bat,142,815,getinbed,False,25,True,1.2
part_7/bath_video_6.mp4,bath,144,63,animal,False,92,False,0.32608695652173914
part_7/bathroom_video_18.mp4,bathroom,145,63,animal,False,40,False,0.75
part_7/behavior_video_3.mp4,behavior,165,63,animal,False,41,False,0.7317073170731707
part_7/blinds_20241119_180303_25.mp4,blinds,198,1610,s,False,81,False,0.37037037037037035
part_7/blue_4.mp4,blue,207,389,climbladder,False,18,True,1.6666666666666667
part_7/both.mp4,both,224,63,animal,False,64,False,0.46875
part_7/bother_video_3.mp4,bother,225,225,bother,True,44,False,0.6818181818181818
part_7/bound_video_36.mp4,bound,229,229,bound,True,51,False,0.5882352941176471
part_7/breathe_video_8.mp4,breathe,252,1690,shop,False,69,False,0.43478260869565216
part_7/bridge_20241119_172635_24.mp4,bridge,255,1690,shop,False,31,False,0.967741935483871
part_7/brush_video_4.mp4,brush,261,1217,mirror,False,46,False,0.6521739130434783
part_7/burn_video_1.mp4,burn,272,272,burn,True,71,False,0.4225352112676056
part_7/calendar_20241119_172635_22.mp4,calendar,289,40,airplane,False,33,False,0.9090909090909091
part_7/cancel_20241119_172636.mp4,cancel,301,1634,school,False,34,False,0.8823529411764706
