true,pred,count,true_word,pred_word
144,63,2,bath,animal
1521,63,2,quite a little,animal
2119,63,2,weight,animal
9,222,1,absolutelynothing,boss
28,63,1,adopt,animal
30,63,1,advantage,animal
38,63,1,agency,animal
40,222,1,airplane,boss
40,1217,1,airplane,mirror
51,389,1,allway,climbladder
64,63,1,animate being,animal
83,815,1,art,getinbed
84,63,1,article,animal
89,1521,1,assist,quite a little
92,1521,1,at,quite a little
94,1610,1,atlanta,s
95,389,1,attention,climbladder
110,222,1,b,boss
111,63,1,baby,animal
115,63,1,backbone,animal
