word,class_size,sampled,selection
1dollar,31,3,extra_smallest_class
5dollars,32,3,extra_smallest_class
8hour,31,3,extra_smallest_class
9oclock,31,3,extra_smallest_class
TRUE,42,2,base
a,50,2,base
abbreviate,38,2,base
about,70,3,extra_largest_class
above,50,2,base
absolutelynothing,31,3,extra_smallest_class
accent,47,2,base
accept,47,2,base
access,42,2,base
accident,53,2,base
accomplish,42,2,base
accordion,34,2,base
accountant,43,2,base
achromatic,32,3,extra_smallest_class
acquire,46,2,base
act,48,2,base
action,46,2,base
actor,46,2,base
add,76,3,extra_largest_class
addict,38,2,base
address,61,2,base
adjust,44,2,base
admire,40,2,base
admit,45,2,base
adopt,43,2,base
adult,48,2,base
advantage,40,2,base
advertise,38,2,base
africa,48,2,base
after,61,2,base
afternoon,49,2,base
again,48,2,base
against,45,2,base
age,49,2,base
agency,38,2,base
agreement,41,2,base
airplane,49,2,base
alarm,54,2,base
alaska,36,2,base
alcohol,37,2,base
align,36,2,base
alittlebit,31,3,extra_smallest_class
all,59,2,base
all but,37,2,base
allgone,31,3,extra_smallest_class
allofsudden,32,3,extra_smallest_class
allover,31,3,extra_smallest_class
allway,31,3,extra_smallest_class
almost,43,2,base
alone,51,2,base
alphabet,42,2,base
alright,42,2,base
always,46,2,base
amazing,50,2,base
america,55,2,base
analyze,52,2,base
and,39,2,base
angel,53,2,base
angry,52,2,base
animal,99,3,extra_largest_class
animate being,58,2,base
announce,43,2,base
answer,51,2,base
any,48,2,base
anyone,36,2,base
apart,41,2,base
apparel,33,3,extra_smallest_class
appear,50,2,base
apple,57,2,base
appointment,42,2,base
april,40,2,base
archeology,33,3,extra_smallest_class
area,67,2,base
argue,42,2,base
arizona,40,2,base
arm,117,3,extra_largest_class
army,38,2,base
arrest,102,3,extra_largest_class
arrive,42,2,base
art,47,2,base
article,42,2,base
asia,46,2,base
ask,63,2,base
assembly,35,2,base
assign,32,3,extra_smallest_class
assist,64,2,base
assistant,42,2,base
astronaut,34,2,base
at,36,2,base
athlete,36,2,base
atlanta,33,3,extra_smallest_class
attention,39,2,base
attitude,44,2,base
audience,44,2,base
auditorium,31,3,extra_smallest_class
aunt,48,2,base
australia,48,2,base
autism,65,2,base
automatic,38,2,base
average,52,2,base
avoid,47,2,base
awake,51,2,base
award,48,2,base
away,65,2,base
awkward,52,2,base
axe,65,2,base
b,49,2,base
baby,99,3,extra_largest_class
babysitter,40,2,base
bachelor,36,2,base
back,75,3,extra_largest_class
backbone,35,2,base
backout,32,3,extra_smallest_class
backpack,78,3,extra_largest_class
backup,58,2,base
backyard,33,2,base
bacon,46,2,base
bad,60,2,base
badge,34,2,base
bag,83,3,extra_largest_class
bake,76,3,extra_largest_class
balance,61,2,base
bald,48,2,base
ball,65,2,base
balloon,50,2,base
banana,138,3,extra_largest_class
bandage,41,2,base
bandaid,58,2,base
bank,49,2,base
bar,56,2,base
barely,50,2,base
bark,107,3,extra_largest_class
baseball,40,2,base
baseballcap,32,3,extra_smallest_class
basement,46,2,base
basic,41,2,base
basket,68,2,base
basketball,114,3,extra_largest_class
bat,99,3,extra_largest_class
batch,52,2,base
bath,54,2,base
bathroom,63,2,base
bathtub,35,2,base
battery,43,2,base
beach,39,2,base
beak,37,2,base
beanie,31,3,extra_smallest_class
beans,31,3,extra_smallest_class
bear,62,2,base
beard,50,2,base
beast,59,2,base
beat,67,2,base
beaver,36,2,base
because,48,2,base
become,40,2,base
bed,76,3,extra_largest_class
bedroom,47,2,base
bee,73,3,extra_largest_class
beer,44,2,base
before,77,3,extra_largest_class
beg,45,2,base
behavior,43,2,base
behind,57,2,base
believe,73,3,extra_largest_class
bell,48,2,base
belt,80,3,extra_largest_class
bend,39,2,base
benefit,49,2,base
berry,38,2,base
best,37,2,base
bet,46,2,base
better,52,2,base
between,39,2,base
bib,31,3,extra_smallest_class
bicycle,65,2,base
big,72,3,extra_largest_class
bike,37,2,base
bind,36,2,base
binoculars,43,2,base
biology,42,2,base
bird,54,2,base
birth,38,2,base
birthday,47,2,base
bison,35,2,base
bitch,34,2,base
bite,69,3,extra_largest_class
biteonarm,31,3,extra_smallest_class
black,66,2,base
blame,49,2,base
blank,42,2,base
blanket,59,2,base
bleed,32,3,extra_smallest_class
bless,46,2,base
blind,48,2,base
blinds,59,2,base
blink,40,2,base
blond,36,2,base
blood,45,2,base
bloom,42,2,base
blouse,33,3,extra_smallest_class
blow,82,3,extra_largest_class
blowcandle,58,2,base
blowmind,31,3,extra_smallest_class
blue,63,2,base
blur,36,2,base
blush,43,2,base
board,32,3,extra_smallest_class
boat,50,2,base
body,53,2,base
boil,74,3,extra_largest_class
boilingmad,31,3,extra_smallest_class
bolt,42,2,base
bomb,45,2,base
bone,42,2,base
book,63,2,base
boots,62,2,base
bored,75,3,extra_largest_class
borrow,44,2,base
boss,45,2,base
boston,33,2,base
both,39,2,base
bother,64,2,base
bottle,48,2,base
bottom,63,2,base
bounce,52,2,base
bound,46,2,base
bow,118,3,extra_largest_class
bowl,43,2,base
bowling,79,3,extra_largest_class
bowtie,31,3,extra_smallest_class
box,53,2,base
boxing,42,2,base
boy,64,2,base
boyfriend,43,2,base
bra,95,3,extra_largest_class
bracelet,46,2,base
brag,51,2,base
braids,32,3,extra_smallest_class
braille,35,2,base
brain,31,3,extra_smallest_class
brainstorm,38,2,base
brainwash,34,2,base
brave,48,2,base
bread,53,2,base
break,96,3,extra_largest_class
breakdown,64,2,base
breakfast,80,3,extra_largest_class
breaktime,31,3,extra_smallest_class
breathe,47,2,base
brick,33,3,extra_smallest_class
bridesmaid,33,3,extra_smallest_class
bridge,75,3,extra_largest_class
bright,54,2,base
bring,67,2,base
bring down,39,2,base
brother,65,2,base
brown,54,2,base
brush,59,2,base
brute,58,2,base
buckle,65,2,base
budget,38,2,base
buffalo,38,2,base
bug,53,2,base
building,42,2,base
bull,50,2,base
bullshit,37,2,base
bumpy,31,3,extra_smallest_class
bun,33,3,extra_smallest_class
burn,40,2,base
burp,44,2,base
bury,130,3,extra_largest_class
bus,38,2,base
business,67,2,base
busted,34,2,base
busy,42,2,base
but,39,2,base
butter,46,2,base
butterfly,44,2,base
buy,52,2,base
bye,47,2,base
c,40,2,base
cabinet,44,2,base
cafeteria,46,2,base
cake,53,2,base
calculator,40,2,base
calendar,69,3,extra_largest_class
california,47,2,base
call,94,3,extra_largest_class
callattention,31,3,extra_smallest_class
calltty,32,3,extra_smallest_class
calm,59,2,base
camcorder,31,3,extra_smallest_class
camel,38,2,base
camera,46,2,base
camping,41,2,base
can,86,3,extra_largest_class
canada,46,2,base
cancel,75,3,extra_largest_class
cancellation,32,3,extra_smallest_class
cancer,64,2,base
candle,42,2,base
candy,96,3,extra_largest_class
cannon,34,2,base
cannot,43,2,base
canoe,36,2,base
cape,31,3,extra_smallest_class
caption,47,2,base
capture,34,2,base
car,60,2,base
carbattery,31,3,extra_smallest_class
cards,42,2,base
careful,50,2,base
carousel,33,3,extra_smallest_class
carrot,108,3,extra_largest_class
carry,47,2,base
carve,36,2,base
castle,124,3,extra_largest_class
casual,36,2,base
cat,109,3,extra_largest_class
catapult,37,2,base
catch,155,3,extra_largest_class
category,44,2,base
catepillar,31,3,extra_smallest_class
catholic,41,2,base
cause,56,2,base
ceiling,44,2,base
celebrate,38,2,base
celery,34,2,base
cellphone,40,2,base
cemetery,43,2,base
center,69,3,extra_largest_class
cereal,52,2,base
certificate,43,2,base
chain,46,2,base
chair,52,2,base
challenge,43,2,base
champ,36,2,base
champion,52,2,base
chance,55,2,base
change,62,2,base
channel,43,2,base
chaos,34,2,base
character,55,2,base
charge,50,2,base
chase,45,2,base
chat,42,2,base
cheap,50,2,base
cheat,83,3,extra_largest_class
check,69,3,extra_largest_class
cheek,36,2,base
cheer,37,2,base
cheerleader,63,2,base
cheese,46,2,base
cheesegrater,32,3,extra_smallest_class
cherish,35,2,base
cherry,68,2,base
chew,128,3,extra_largest_class
chicago,41,2,base
child,69,3,extra_largest_class
children,37,2,base
chimney,32,3,extra_smallest_class
chin,33,3,extra_smallest_class
china,45,2,base
chocolate,50,2,base
choke,51,2,base
chop,45,2,base
chopsticks,31,3,extra_smallest_class
christmas,79,3,extra_largest_class
church,47,2,base
churn,33,3,extra_smallest_class
cigar,35,2,base
cigarette,41,2,base
circle,56,2,base
circuswheel,31,3,extra_smallest_class
city,82,3,extra_largest_class
clap,40,2,base
clash,49,2,base
class,71,3,extra_largest_class
clause,32,3,extra_smallest_class
claw,33,2,base
clean,59,2,base
clear,61,2,base
cleftchin,31,3,extra_smallest_class
click,41,2,base
client,38,2,base
climbladder,31,3,extra_smallest_class
clip,70,3,extra_largest_class
clock,76,3,extra_largest_class
close,72,3,extra_largest_class
closeeyes,31,3,extra_smallest_class
closet,80,3,extra_largest_class
clothes,64,2,base
cloud,133,3,extra_largest_class
clown,44,2,base
clueless,38,2,base
coach,67,2,base
cocacola,32,3,extra_smallest_class
cocaine,34,2,base
coconut,42,2,base
coffee,49,2,base
coins,31,3,extra_smallest_class
cold,45,2,base
college,48,2,base
color,67,2,base
comb,78,3,extra_largest_class
come,49,2,base
comehere,31,3,extra_smallest_class
comeout,31,3,extra_smallest_class
comfortable,53,2,base
comment,46,2,base
committee,46,2,base
communication,34,2,base
community,44,2,base
commute,42,2,base
compass,43,2,base
complain,44,2,base
complex,45,2,base
computer,49,2,base
concept,39,2,base
concerned,35,2,base
conduct,103,3,extra_largest_class
confident,36,2,base
confidential,31,3,extra_smallest_class
conflict,42,2,base
confused,74,3,extra_largest_class
congratulations,42,2,base
connection,34,2,base
consume,44,2,base
contact,43,2,base
contactlens,31,3,extra_smallest_class
continue,48,2,base
contribute,32,3,extra_smallest_class
convince,74,3,extra_largest_class
cook,47,2,base
cookie,56,2,base
cool,152,3,extra_largest_class
cooperate,39,2,base
copy,52,2,base
corkscrew,62,2,base
corn,119,3,extra_largest_class
corner,49,2,base
correct,54,2,base
cost,46,2,base
couch,45,2,base
cough,42,2,base
counselor,38,2,base
count,51,2,base
country,70,3,extra_largest_class
cousin,47,2,base
coverup,32,3,extra_smallest_class
cow,49,2,base
cowboy,32,3,extra_smallest_class
crack,33,2,base
cracker,70,3,extra_largest_class
cranky,32,3,extra_smallest_class
crash,41,2,base
crawl,62,2,base
crazy,45,2,base
cream,77,3,extra_largest_class
create,49,2,base
creature,58,2,base
creditcard,32,3,extra_smallest_class
crocodile,41,2,base
cross,129,3,extra_largest_class
crossheart,31,3,extra_smallest_class
crown,54,2,base
crumple,35,2,base
cry,149,3,extra_largest_class
culture,45,2,base
cup,47,2,base
curious,43,2,base
curl,65,2,base
curlyhair,31,3,extra_smallest_class
curtain,42,2,base
curtsey,59,2,base
cut,82,3,extra_largest_class
cut back,33,3,extra_smallest_class
cut down,36,2,base
cute,73,3,extra_largest_class
cutremovevid,31,3,extra_smallest_class
cycle,32,3,extra_smallest_class
d,50,2,base
damn,38,2,base
dance,53,2,base
dancer,36,2,base
danger,41,2,base
dark,102,3,extra_largest_class
dart,38,2,base
date,54,2,base
daughter,48,2,base
day,64,2,base
deaf,94,3,extra_largest_class
deafschool,31,3,extra_smallest_class
deal,73,3,extra_largest_class
death,40,2,base
decide,75,3,extra_largest_class
decline,48,2,base
decorate,90,3,extra_largest_class
dedicate,63,2,base
deep,49,2,base
deer,44,2,base
defeat,38,2,base
deflate,37,2,base
degree,41,2,base
delegate,40,2,base
deliberate,36,2,base
delicious,52,2,base
delinquent,35,2,base
demand,81,3,extra_largest_class
demote,36,2,base
dentist,77,3,extra_largest_class
deny,42,2,base
deodorant,41,2,base
department,42,2,base
dependon,32,3,extra_smallest_class
depress,33,2,base
depth,33,2,base
desert,46,2,base
design,52,2,base
dessert,46,2,base
destroy,40,2,base
develop,77,3,extra_largest_class
devil,66,2,base
devour,36,2,base
diamond,50,2,base
diaper,42,2,base
dice,38,2,base
dictionary,43,2,base
die,51,2,base
different,53,2,base
differentsituation,31,3,extra_smallest_class
dig,62,2,base
digup,31,3,extra_smallest_class
dilemma,34,2,base
dinner,80,3,extra_largest_class
dinosaur,72,3,extra_largest_class
dip,100,3,extra_largest_class
director,48,2,base
dirty,58,2,base
disappear,55,2,base
disappoint,34,2,base
disconnect,45,2,base
discuss,45,2,base
dislike,39,2,base
disney,35,2,base
dispatch,34,2,base
disrupt,36,2,base
dissect,32,3,extra_smallest_class
dissolve,39,2,base
distracted,33,2,base
dive,41,2,base
divide,53,2,base
divorce,46,2,base
dizzy,45,2,base
doctor,86,3,extra_largest_class
document,43,2,base
dodo,32,3,extra_smallest_class
dog,131,3,extra_largest_class
doll,45,2,base
dolphin,99,3,extra_largest_class
dominant,32,3,extra_smallest_class
donkey,34,2,base
dontfeellike,31,3,extra_smallest_class
dontknow,31,3,extra_smallest_class
dontlike,31,3,extra_smallest_class
dontmind,31,3,extra_smallest_class
dontwant,31,3,extra_smallest_class
donut,38,2,base
door,52,2,base
dormitory,40,2,base
double,49,2,base
doubt,43,2,base
down,72,3,extra_largest_class
downhill,33,2,base
download,38,2,base
downsize,62,2,base
drag,78,3,extra_largest_class
dragon,37,2,base
draw,63,2,base
drawer,44,2,base
dream,45,2,base
dress,83,3,extra_largest_class
dresser,35,2,base
dressup,31,3,extra_smallest_class
dribble,40,2,base
drill,56,2,base
drink,89,3,extra_largest_class
drip,37,2,base
drive,60,2,base
drop,68,2,base
drown,155,3,extra_largest_class
drug,40,2,base
drum,47,2,base
drunk,40,2,base
dry,50,2,base
dryer,35,2,base
duck,88,3,extra_largest_class
due,41,2,base
dumb,42,2,base
duty,42,2,base
dye,39,2,base
e,50,2,base
each,42,2,base
eagle,69,3,extra_largest_class
ear,46,2,base
early,39,2,base
earn,39,2,base
earring,42,2,base
earth,75,3,extra_largest_class
earthquake,42,2,base
easel,34,2,base
east,44,2,base
easter,46,2,base
easy,51,2,base
easytodo,31,3,extra_smallest_class
eat,86,3,extra_largest_class
eclipse,32,3,extra_smallest_class
edge,45,2,base
edit,70,3,extra_largest_class
effect,46,2,base
egg,50,2,base
eggbeater,32,3,extra_smallest_class
ego,34,2,base
egypt,52,2,base
eight,46,2,base
either,40,2,base
electrician,43,2,base
elegance,33,2,base
elephant,49,2,base
elevator,102,3,extra_largest_class
eleven,38,2,base
email,43,2,base
embarrass,46,2,base
emotion,40,2,base
emphasis,34,2,base
empty,66,2,base
end,65,2,base
enemy,37,2,base
energy,45,2,base
engagement,38,2,base
engineer,44,2,base
enginestart,31,3,extra_smallest_class
english,41,2,base
enjoy,51,2,base
enough,40,2,base
enter,52,2,base
envelope,153,3,extra_largest_class
environment,48,2,base
equal,46,2,base
erase,160,3,extra_largest_class
eraser,44,2,base
erupt,65,2,base
escalate,32,3,extra_smallest_class
escalator,35,2,base
escape,47,2,base
europe,48,2,base
evaluate,45,2,base
even,40,2,base
event,58,2,base
everyday,35,2,base
everynight,31,3,extra_smallest_class
everything,37,2,base
everyyear,31,3,extra_smallest_class
evidence,45,2,base
example,53,2,base
excited,43,2,base
excuse,39,2,base
exercise,61,2,base
expect,51,2,base
expensive,45,2,base
experience,57,2,base
experiment,41,2,base
expert,45,2,base
explanation,35,2,base
explode,38,2,base
express,39,2,base
eyeglasses,51,2,base
eyes,35,2,base
eyesawake,31,3,extra_smallest_class
eyeturn,31,3,extra_smallest_class
f,50,2,base
face,59,2,base
faculty,39,2,base
fade,32,3,extra_smallest_class
fail,56,2,base
faint,38,2,base
fair,41,2,base
fake,39,2,base
fall,83,3,extra_largest_class
fallingasleep,32,3,extra_smallest_class
family,58,2,base
famous,42,2,base
fan,36,2,base
fantasy,35,2,base
far,46,2,base
farm,45,2,base
fascinated,33,3,extra_smallest_class
fashion,44,2,base
fast,60,2,base
fat,53,2,base
father,47,2,base
faucet,33,2,base
fault,54,2,base
favorite,43,2,base
february,38,2,base
feed,77,3,extra_largest_class
feedback,44,2,base
feel,55,2,base
fence,82,3,extra_largest_class
fencing,40,2,base
few,45,2,base
fiance,34,2,base
fifth,36,2,base
fight,53,2,base
figure,60,2,base
file,91,3,extra_largest_class
fillout,31,3,extra_smallest_class
film,56,2,base
filter,36,2,base
finally,44,2,base
finance,40,2,base
find,55,2,base
fine,98,3,extra_largest_class
finger,35,2,base
fingerspell,33,2,base
fingerspelling,37,2,base
finish,73,3,extra_largest_class
fins,36,2,base
fire,47,2,base
fired,37,2,base
fireman,67,2,base
first,42,2,base
fish,56,2,base
fishing,72,3,extra_largest_class
fit,40,2,base
fix,49,2,base
flag,75,3,extra_largest_class
flashlight,122,3,extra_largest_class
flip,42,2,base
flipflops,31,3,extra_smallest_class
flipswitch,31,3,extra_smallest_class
float,107,3,extra_largest_class
floor,51,2,base
flower,53,2,base
flute,44,2,base
fly,49,2,base
focus,31,3,extra_smallest_class
fold,74,3,extra_largest_class
follow,144,3,extra_largest_class
fond,35,2,base
fool,44,2,base
football,54,2,base
for,47,2,base
forbid,48,2,base
foreigner,65,2,base
forest,45,2,base
forever,75,3,extra_largest_class
forfeit,32,3,extra_smallest_class
forgetful,34,2,base
fork,132,3,extra_largest_class
form,78,3,extra_largest_class
former,39,2,base
foul,59,2,base
four,47,2,base
fourth,59,2,base
fox,49,2,base
fraction,39,2,base
frame,40,2,base
france,45,2,base
fraud,42,2,base
freakout,31,3,extra_smallest_class
freckles,31,3,extra_smallest_class
free,46,2,base
freedom,33,3,extra_smallest_class
freeway,39,2,base
freeze,46,2,base
french,39,2,base
frenchfries,31,3,extra_smallest_class
friday,47,2,base
friend,51,2,base
friendly,45,2,base
friendsnomore,31,3,extra_smallest_class
fringe,36,2,base
frisk,35,2,base
frog,50,2,base
from,46,2,base
front,51,2,base
frown,65,2,base
fruit,48,2,base
frustrate,35,2,base
fry,33,3,extra_smallest_class
full,55,2,base
fun,39,2,base
function,52,2,base
funny,47,2,base
furniture,36,2,base
future,49,2,base
g,50,2,base
gallaudet,40,2,base
gamble,43,2,base
game,50,2,base
garage,41,2,base
garlic,33,2,base
gas,40,2,base
gate,36,2,base
gay,46,2,base
generation,43,2,base
germany,45,2,base
gesture,34,2,base
get,87,3,extra_largest_class
get down,36,2,base
getinbed,31,3,extra_smallest_class
getthrough,31,3,extra_smallest_class
gettogether,31,3,extra_smallest_class
ghost,54,2,base
gift,54,2,base
giraffe,49,2,base
girl,60,2,base
give,62,2,base
giveup,31,3,extra_smallest_class
glass,106,3,extra_largest_class
glasses,55,2,base
glove,44,2,base
gloves,130,3,extra_largest_class
glow,38,2,base
glue,67,2,base
go,98,3,extra_largest_class
goal,39,2,base
goat,45,2,base
goatee,32,3,extra_smallest_class
gobackandforth,31,3,extra_smallest_class
god,50,2,base
goingthroughahardtime,31,3,extra_smallest_class
gold,36,2,base
golf,45,2,base
gone,48,2,base
good,66,2,base
good deal,51,2,base
goodygoody,31,3,extra_smallest_class
goosebumps,31,3,extra_smallest_class
gorilla,41,2,base
gossip,59,2,base
gothrough,31,3,extra_smallest_class
gotojail,31,3,extra_smallest_class
government,55,2,base
grab,64,2,base
grade,50,2,base
graduate,55,2,base
grammar,47,2,base
grandfather,48,2,base
grandmother,49,2,base
grapes,66,2,base
grasp,43,2,base
grass,48,2,base
gray,56,2,base
great,57,2,base
great deal,51,2,base
greece,49,2,base
green,56,2,base
greet,64,2,base
grenade,32,3,extra_smallest_class
grieve,37,2,base
grind,38,2,base
ground,41,2,base
group,50,2,base
grow,48,2,base
guess,78,3,extra_largest_class
guide,53,2,base
guillotine,59,2,base
guilty,44,2,base
guitar,44,2,base
gullible,35,2,base
gum,40,2,base
gun,102,3,extra_largest_class
gym,38,2,base
h,49,2,base
habit,38,2,base
hair,77,3,extra_largest_class
haircut,37,2,base
hairdresser,32,3,extra_smallest_class
hairdryer,87,3,extra_largest_class
half,44,2,base
hall,49,2,base
halloween,79,3,extra_largest_class
hamburger,45,2,base
hammer,45,2,base
hamster,34,2,base
handcuffs,31,3,extra_smallest_class
hands,38,2,base
handsoap,31,3,extra_smallest_class
handsome,130,3,extra_largest_class
hang,38,2,base
hanukkah,41,2,base
happen,45,2,base
happy,49,2,base
hard,56,2,base
hardofhearing,31,3,extra_smallest_class
harmonica,37,2,base
harp,41,2,base
hat,84,3,extra_largest_class
hatch,65,2,base
hate,37,2,base
hatful,51,2,base
have,38,2,base
hawaii,45,2,base
he,38,2,base
head,78,3,extra_largest_class
headache,45,2,base
headcold,31,3,extra_smallest_class
headgrind,31,3,extra_smallest_class
headphones,31,3,extra_smallest_class
health,43,2,base
heap,87,3,extra_largest_class
hear,74,3,extra_largest_class
hearing,52,2,base
hearingaid,31,3,extra_smallest_class
heart,66,2,base
heartbody,31,3,extra_smallest_class
heaven,38,2,base
heavy,58,2,base
helicopter,107,3,extra_largest_class
hell,41,2,base
hello,46,2,base
helmet,74,3,extra_largest_class
help,75,3,extra_largest_class
hen,31,3,extra_smallest_class
here,48,2,base
hide,47,2,base
high,45,2,base
highlighter,31,3,extra_smallest_class
highschool,35,2,base
hinge,34,2,base
hippo,66,2,base
his,39,2,base
history,47,2,base
hit,88,3,extra_largest_class
hitchhike,33,3,extra_smallest_class
hockey,43,2,base
hoe,31,3,extra_smallest_class
hold,103,3,extra_largest_class
holdaccountable,31,3,extra_smallest_class
holdhands,31,3,extra_smallest_class
holdtogether,31,3,extra_smallest_class
holiday,32,3,extra_smallest_class
holy,41,2,base
home,58,2,base
homework,41,2,base
honest,39,2,base
honey,74,3,extra_largest_class
honk,33,3,extra_smallest_class
honor,53,2,base
hood,32,3,extra_smallest_class
hoodie,59,2,base
hop,43,2,base
hope,52,2,base
horrible,39,2,base
horse,43,2,base
hose,38,2,base
hospital,80,3,extra_largest_class
hot,62,2,base
hotdog,42,2,base
hotel,36,2,base
hour,51,2,base
house,48,2,base
how,86,3,extra_largest_class
howl,33,3,extra_smallest_class
hug,54,2,base
humble,57,2,base
hummingbird,33,3,extra_smallest_class
humor,37,2,base
hundred,48,2,base
hungry,44,2,base
hunt,44,2,base
hurdle-trip,60,2,base
hurricane,39,2,base
hurry,45,2,base
hurt,65,2,base
husband,51,2,base
hypocrite,36,2,base
i,50,2,base
ice,37,2,base
icecream,31,3,extra_smallest_class
idea,47,2,base
identity,38,2,base
if,44,2,base
ignore,50,2,base
imagine,70,3,extra_largest_class
immature,44,2,base
immerse,33,2,base
impact,39,2,base
important,50,2,base
impossible,48,2,base
impress,36,2,base
improve,50,2,base
in,53,2,base
inch,41,2,base
incredible,33,3,extra_smallest_class
independent,43,2,base
indian,36,2,base
inept,39,2,base
infection,40,2,base
influence,40,2,base
inhale,36,2,base
inject,38,2,base
innocent,41,2,base
inside,47,2,base
inspire,51,2,base
inspiring,31,3,extra_smallest_class
instagram,35,2,base
instead,40,2,base
instinct,34,2,base
institute,41,2,base
insult,37,2,base
insurance,40,2,base
intelligent,32,3,extra_smallest_class
intentional,32,3,extra_smallest_class
interest,43,2,base
interested,31,3,extra_smallest_class
internet,45,2,base
interpret,46,2,base
interpreter,41,2,base
intervene,35,2,base
interview,48,2,base
introduce,45,2,base
intuitive,31,3,extra_smallest_class
invest,59,2,base
invisible,34,2,base
invite,41,2,base
iphone,33,2,base
iron,97,3,extra_largest_class
island,39,2,base
isolated,31,3,extra_smallest_class
israel,47,2,base
italy,42,2,base
itch,33,3,extra_smallest_class
j,50,2,base
jacket,135,3,extra_largest_class
japan,48,2,base
jar,38,2,base
jealous,48,2,base
jelly,32,3,extra_smallest_class
jellyfish,35,2,base
jewelry,44,2,base
jewish,38,2,base
jigsawpuzzle,31,3,extra_smallest_class
job,36,2,base
join,40,2,base
joke,60,2,base
journey,38,2,base
judge,56,2,base
juggle,31,3,extra_smallest_class
juice,71,3,extra_largest_class
jump,65,2,base
junior,43,2,base
just about,57,2,base
k,50,2,base
kangaroo,98,3,extra_largest_class
keep,48,2,base
key,56,2,base
keyboard,43,2,base
kick,71,3,extra_largest_class
kid,37,2,base
kill,46,2,base
kindergarten,37,2,base
king,53,2,base
kiss,99,3,extra_largest_class
kissfist,31,3,extra_smallest_class
kitchen,47,2,base
kite,62,2,base
kitten,34,2,base
kneel,38,2,base
knife,77,3,extra_largest_class
knight,117,3,extra_largest_class
knitting,87,3,extra_largest_class
knock,41,2,base
know,47,2,base
l,50,2,base
label,44,2,base
lamp,67,2,base
land,58,2,base
language,49,2,base
laptop,42,2,base
large,33,2,base
last,45,2,base
late,53,2,base
later,62,2,base
laugh,67,2,base
law,49,2,base
lawnmower,31,3,extra_smallest_class
lawyer,42,2,base
laydown,31,3,extra_smallest_class
lazy,42,2,base
lead,50,2,base
leaf,73,3,extra_largest_class
league,36,2,base
leak,39,2,base
learn,41,2,base
learnlesson,31,3,extra_smallest_class
leather,35,2,base
leave,59,2,base
leavealone,31,3,extra_smallest_class
lecture,52,2,base
left,44,2,base
lemon,77,3,extra_largest_class
lend,60,2,base
lesbian,42,2,base
less,39,2,base
lesson,40,2,base
letgo,31,3,extra_smallest_class
letmesee,31,3,extra_smallest_class
letter,83,3,extra_largest_class
lettuce,74,3,extra_largest_class
library,41,2,base
license,37,2,base
lick,62,2,base
lickenvelope,60,2,base
lie,48,2,base
lift,101,3,extra_largest_class
light,73,3,extra_largest_class
lighter,38,2,base
lightning,40,2,base
like,53,2,base
line,77,3,extra_largest_class
linguistics,40,2,base
lion,45,2,base
lipread,37,2,base
lipstick,41,2,base
list,48,2,base
listen,46,2,base
live,87,3,extra_largest_class
livingroom,31,3,extra_smallest_class
load,80,3,extra_largest_class
lobster,102,3,extra_largest_class
lock,96,3,extra_largest_class
locker,34,2,base
lollipop,38,2,base
lonely,40,2,base
long,49,2,base
longline,31,3,extra_smallest_class
longword,31,3,extra_smallest_class
lookappearance,32,3,extra_smallest_class
lookat,31,3,extra_smallest_class
lose,62,2,base
losegame,31,3,extra_smallest_class
lost,43,2,base
lot,79,3,extra_largest_class
loud,44,2,base
lousy,43,2,base
love,52,2,base
loyal,35,2,base
luck,42,2,base
lucky,42,2,base
lunch,80,3,extra_largest_class
lungs,31,3,extra_smallest_class
m,50,2,base
machine,65,2,base
mad,49,2,base
magazine,40,2,base
magic,42,2,base
magnet,121,3,extra_largest_class
magnify,69,3,extra_largest_class
maid,31,3,extra_smallest_class
mail,67,2,base
mailman,39,2,base
mainstream,39,2,base
major,41,2,base
make,74,3,extra_largest_class
man,61,2,base
manage,44,2,base
many,43,2,base
maple,33,2,base
march,56,2,base
marionette,36,2,base
marry,42,2,base
mascara,34,2,base
massage,35,2,base
match,54,2,base
math,45,2,base
maybe,46,2,base
mcdonalds,31,3,extra_smallest_class
me,39,2,base
mean,92,3,extra_largest_class
measure,86,3,extra_largest_class
meat,71,3,extra_largest_class
mechanic,76,3,extra_largest_class
medicine,46,2,base
meditate,105,3,extra_largest_class
meet,50,2,base
meeting,38,2,base
megaphone,33,2,base
melon,34,2,base
melt,40,2,base
member,42,2,base
memorize,40,2,base
memorizememorize,31,3,extra_smallest_class
mention,47,2,base
mess,31,3,extra_smallest_class
metal,41,2,base
metaphor,37,2,base
mexican,66,2,base
mickle,51,2,base
microphone,39,2,base
microscope,98,3,extra_largest_class
microwave,51,2,base
middle,49,2,base
milk,82,3,extra_largest_class
mime,33,2,base
mind,69,3,extra_largest_class
mindturned,31,3,extra_smallest_class
mine,46,2,base
minimum,65,2,base
mint,52,2,base
minute,65,2,base
mirror,46,2,base
mischievous,34,2,base
miss,68,2,base
misunderstand,38,2,base
mix,119,3,extra_largest_class
mock,37,2,base
model,78,3,extra_largest_class
monday,48,2,base
money,69,3,extra_largest_class
monkey,49,2,base
monster,43,2,base
month,44,2,base
moon,45,2,base
moose,40,2,base
mop,60,2,base
more,51,2,base
morning,56,2,base
mosquito,41,2,base
most,75,3,extra_largest_class
mother,54,2,base
motivation,63,2,base
motorcycle,45,2,base
mountain,70,3,extra_largest_class
mouse,48,2,base
mouth,44,2,base
move,89,3,extra_largest_class
movedown,31,3,extra_smallest_class
movie,88,3,extra_largest_class
much,47,2,base
muckle,51,2,base
mummy,37,2,base
murder,37,2,base
muscle,42,2,base
museum,41,2,base
mushroom,42,2,base
music,49,2,base
must,40,2,base
mustache,45,2,base
my,45,2,base
myself,41,2,base
n,50,2,base
nail,44,2,base
nailclipper,31,3,extra_smallest_class
naked,45,2,base
name,57,2,base
napkin,52,2,base
navel,33,2,base
navy,35,2,base
near,77,3,extra_largest_class
nearly,37,2,base
neck,45,2,base
necklace,131,3,extra_largest_class
need,46,2,base
needle,34,2,base
negative,44,2,base
nephew,42,2,base
nerve,34,2,base
net,49,2,base
network,48,2,base
neutral,44,2,base
never,43,2,base
new,51,2,base
newspaper,42,2,base
next,50,2,base
nice,39,2,base
niece,44,2,base
nigh,37,2,base
night,87,3,extra_largest_class
nine,38,2,base
no,56,2,base
noise,33,3,extra_smallest_class
none,47,2,base
nonsense,31,3,extra_smallest_class
noon,76,3,extra_largest_class
noose,32,3,extra_smallest_class
normal,40,2,base
north,44,2,base
nose,47,2,base
nosebleed,34,2,base
not,42,2,base
notathing,31,3,extra_smallest_class
nothing,78,3,extra_largest_class
notinterested,31,3,extra_smallest_class
notusedto,31,3,extra_smallest_class
notyet,31,3,extra_smallest_class
now,41,2,base
nurse,48,2,base
nut,74,3,extra_largest_class
o,50,2,base
obsess,46,2,base
obvious,33,2,base
ocean,39,2,base
octopus,40,2,base
off,63,2,base
offend,35,2,base
offhand,32,3,extra_smallest_class
office,55,2,base
offthepoint,31,3,extra_smallest_class
often,41,2,base
oil,101,3,extra_largest_class
ok,40,2,base
old,44,2,base
on,52,2,base
once,45,2,base
one,41,2,base
onemore,59,2,base
onion,47,2,base
onlyone,31,3,extra_smallest_class
ooh,32,3,extra_smallest_class
oops,31,3,extra_smallest_class
open,68,2,base
opinion,77,3,extra_largest_class
opportunity,37,2,base
option,34,2,base
or,41,2,base
oral,39,2,base
orange,55,2,base
orangeeyes,31,3,extra_smallest_class
orangethroat,31,3,extra_smallest_class
order,80,3,extra_largest_class
organization,36,2,base
ostrich,34,2,base
other,43,2,base
our,40,2,base
out,49,2,base
outside,51,2,base
over,44,2,base
overlook,35,2,base
overnight,33,2,base
overtake,31,3,extra_smallest_class
overwhelmed,31,3,extra_smallest_class
owe,40,2,base
owl,40,2,base
own,35,2,base
p,50,2,base
pack,52,2,base
page,47,2,base
pageant,35,2,base
pain,37,2,base
paint,50,2,base
paintbrush,34,2,base
pair,40,2,base
pancake,35,2,base
pants,79,3,extra_largest_class
paper,60,2,base
papercutter,31,3,extra_smallest_class
parachute,97,3,extra_largest_class
parade,42,2,base
paragraph,36,2,base
parallel,39,2,base
parents,34,2,base
park,43,2,base
party,79,3,extra_largest_class
pass,77,3,extra_largest_class
passout,31,3,extra_smallest_class
passport,35,2,base
past,48,2,base
patient,103,3,extra_largest_class
pay,49,2,base
peace,43,2,base
peach,92,3,extra_largest_class
peacock,36,2,base
pear,40,2,base
peas,60,2,base
peck,88,3,extra_largest_class
peekaboo,34,2,base
peel,103,3,extra_largest_class
peg,92,3,extra_largest_class
pen,52,2,base
pencil,43,2,base
penguin,34,2,base
penis,33,2,base
penny,38,2,base
people,50,2,base
pepper,51,2,base
pepsi,36,2,base
perceive,32,3,extra_smallest_class
percent,36,2,base
perfect,40,2,base
perfume,74,3,extra_largest_class
period,44,2,base
permission,32,3,extra_smallest_class
persistent,33,3,extra_smallest_class
person,58,2,base
perspective,44,2,base
persuade,37,2,base
pet,74,3,extra_largest_class
pharmacist,34,2,base
philadelphia,38,2,base
philosophy,53,2,base
phone,54,2,base
photography,33,2,base
physics,42,2,base
piano,41,2,base
pick,65,2,base
pickle,40,2,base
picnic,32,3,extra_smallest_class
picture,61,2,base
pie,43,2,base
pig,56,2,base
pile,31,3,extra_smallest_class
pill,39,2,base
pillow,101,3,extra_largest_class
pinch,68,2,base
pineapple,146,3,extra_largest_class
pink,53,2,base
pipe,126,3,extra_largest_class
pirate,35,2,base
pissedoff,31,3,extra_smallest_class
pitcher,38,2,base
pity,42,2,base
pizza,87,3,extra_largest_class
pizzacutter,31,3,extra_smallest_class
place,83,3,extra_largest_class
plain,46,2,base
plan,43,2,base
planet,37,2,base
plant,52,2,base
plate,44,2,base
platform,32,3,extra_smallest_class
play,79,3,extra_largest_class
players,31,3,extra_smallest_class
playground,39,2,base
please,48,2,base
plenty,90,3,extra_largest_class
pliers,33,3,extra_smallest_class
plow,70,3,extra_largest_class
plug,63,2,base
plummet,34,2,base
plunger,34,2,base
plus,43,2,base
point,79,3,extra_largest_class
pointindex,31,3,extra_smallest_class
pole,38,2,base
policeman,69,3,extra_largest_class
policy,43,2,base
polish,46,2,base
ponder,43,2,base
poop,38,2,base
poor,48,2,base
pop,142,3,extra_largest_class
popcorn,41,2,base
pope,35,2,base
popular,40,2,base
porcupine,35,2,base
positive,39,2,base
possible,42,2,base
possum,33,2,base
postpone,43,2,base
potato,46,2,base
pour,76,3,extra_largest_class
powder,33,2,base
power,58,2,base
practice,59,2,base
prayer,31,3,extra_smallest_class
preacher,34,2,base
precious,41,2,base
predict,43,2,base
prefer,40,2,base
pregnant,37,2,base
present,40,2,base
president,48,2,base
press,49,2,base
pretend,36,2,base
pretty,40,2,base
price,49,2,base
pride,43,2,base
priest,43,2,base
prince,37,2,base
principal,44,2,base
print,48,2,base
priority,43,2,base
prison,38,2,base
problem,79,3,extra_largest_class
process,43,2,base
producesign,31,3,extra_smallest_class
program,56,2,base
project,50,2,base
promise,49,2,base
promote,40,2,base
proof,41,2,base
propeller,31,3,extra_smallest_class
propose,41,2,base
protection,31,3,extra_smallest_class
protest,34,2,base
provide,46,2,base
psychologist,35,2,base
psychology,44,2,base
public,40,2,base
pull,68,2,base
pullconvince,32,3,extra_smallest_class
pumpkin,40,2,base
punish,42,2,base
purple,52,2,base
push,44,2,base
put,53,2,base
puzzled,38,2,base
q,50,2,base
qm,31,3,extra_smallest_class
quality,41,2,base
quarter,59,2,base
queen,41,2,base
quiet,49,2,base
quit,50,2,base
quite a little,51,2,base
r,50,2,base
rabbit,74,3,extra_largest_class
race,37,2,base
radio,46,2,base
raft,52,2,base
rag,38,2,base
rain,47,2,base
rainbow,42,2,base
raisin,34,2,base
rake,42,2,base
range,33,2,base
rat,48,2,base
razor,63,2,base
reach,50,2,base
react,35,2,base
read,48,2,base
ready,50,2,base
really,47,2,base
reason,45,2,base
recent,69,3,extra_largest_class
recite,36,2,base
record,33,3,extra_smallest_class
recording,32,3,extra_smallest_class
red,56,2,base
reduce,79,3,extra_largest_class
reflect,46,2,base
refrigerator,43,2,base
refuse,58,2,base
register,55,2,base
regular,40,2,base
relationship,41,2,base
relax,72,3,extra_largest_class
release,50,2,base
relief,59,2,base
religion,59,2,base
remember,77,3,extra_largest_class
remind,34,2,base
remotecontrol,31,3,extra_smallest_class
remove,45,2,base
replace,38,2,base
request,40,2,base
rescue,38,2,base
research,81,3,extra_largest_class
resent,33,2,base
resign,42,2,base
resist,39,2,base
respect,46,2,base
responsibility,43,2,base
rest,54,2,base
restallday,31,3,extra_smallest_class
restaurant,46,2,base
restless,35,2,base
result,52,2,base
retire,52,2,base
retrieve,43,2,base
revenge,40,2,base
rhino,92,3,extra_largest_class
rich,43,2,base
ride,73,3,extra_largest_class
right,114,3,extra_largest_class
ring,59,2,base
risk,37,2,base
river,68,2,base
road,41,2,base
roar,68,2,base
roast,41,2,base
rob,44,2,base
robot,39,2,base
rock,44,2,base
rocket,62,2,base
rockingchair,60,2,base
role,42,2,base
roll,43,2,base
roof,40,2,base
room,51,2,base
roommate,39,2,base
rooster,35,2,base
rope,39,2,base
rose,40,2,base
rough,47,2,base
row,44,2,base
rude,47,2,base
ruin,39,2,base
rule,55,2,base
ruler,37,2,base
run,95,3,extra_largest_class
rush,48,2,base
russia,46,2,base
s,50,2,base
sad,50,2,base
safe,43,2,base
sail,66,2,base
sailboat,33,2,base
salad,41,2,base
salt,45,2,base
saltshaker,31,3,extra_smallest_class
same,82,3,extra_largest_class
samesame,31,3,extra_smallest_class
sametime,31,3,extra_smallest_class
sandwich,136,3,extra_largest_class
santa,33,2,base
sarcastic,33,3,extra_smallest_class
saturday,47,2,base
sauce,38,2,base
sausage,39,2,base
save,53,2,base
saw,70,3,extra_largest_class
saxophone,33,3,extra_smallest_class
scan,39,2,base
scarcely,41,2,base
scared,48,2,base
scarf,120,3,extra_largest_class
school,54,2,base
science,44,2,base
scientist,40,2,base
scissors,44,2,base
scold,47,2,base
scoop,35,2,base
score,49,2,base
scout,37,2,base
scratch,33,2,base
scream,36,2,base
screwdriver,99,3,extra_largest_class
script,36,2,base
scrub,33,3,extra_smallest_class
sculpt,33,2,base
sculpture,39,2,base
seal,38,2,base
secret,50,2,base
secretary,47,2,base
see,58,2,base
seem,49,2,base
seesee,31,3,extra_smallest_class
select,35,2,base
self,31,3,extra_smallest_class
sell,40,2,base
senate,43,2,base
send,41,2,base
sensitive,45,2,base
sentence,73,3,extra_largest_class
separate,36,2,base
sequence,39,2,base
serious,44,2,base
serve,78,3,extra_largest_class
set,65,2,base
set up,40,2,base
setup,31,3,extra_smallest_class
seven,46,2,base
several,33,3,extra_smallest_class
sew,43,2,base
shake,77,3,extra_largest_class
shame,37,2,base
shampoo,37,2,base
shape,49,2,base
share,48,2,base
shark,65,2,base
sharp,65,2,base
sharpen,91,3,extra_largest_class
shave,158,3,extra_largest_class
sheep,43,2,base
shelf,43,2,base
shield,31,3,extra_smallest_class
shiny,36,2,base
shirt,82,3,extra_largest_class
shocked,31,3,extra_smallest_class
shoes,50,2,base
shoot,85,3,extra_largest_class
shooting,35,2,base
shop,83,3,extra_largest_class
shortdistance,31,3,extra_smallest_class
shortperson,31,3,extra_smallest_class
shorts,37,2,base
shot,45,2,base
should,38,2,base
shoulder,99,3,extra_largest_class
shout,73,3,extra_largest_class
shovel,72,3,extra_largest_class
show,58,2,base
shower,54,2,base
shrimp,44,2,base
shy,43,2,base
sick,41,2,base
side,51,2,base
sideburns,31,3,extra_smallest_class
sign,58,2,base
signature,36,2,base
silly,45,2,base
silver,46,2,base
since,42,2,base
sing,45,2,base
single,54,2,base
sink,55,2,base
siren,39,2,base
sister,50,2,base
sit,47,2,base
situation,43,2,base
six,45,2,base
skate,39,2,base
skateboarding,89,3,extra_largest_class
ski,35,2,base
ski-ca,31,3,extra_smallest_class
skill,37,2,base
skin,44,2,base
skirt,59,2,base
skunk,45,2,base
slave,40,2,base
sled,65,2,base
sleep,45,2,base
slew,54,2,base
slice,119,3,extra_largest_class
slide,68,3,extra_largest_class
slingshot,33,3,extra_smallest_class
slip,80,3,extra_largest_class
slipper,36,2,base
slow,62,2,base
small,70,3,extra_largest_class
smart,47,2,base
smell,44,2,base
smellmoney,31,3,extra_smallest_class
smile,72,3,extra_largest_class
smoke,48,2,base
smoking,40,2,base
smooth,54,2,base
snail,32,3,extra_smallest_class
snake,47,2,base
snap,39,2,base
sneakadventure,31,3,extra_smallest_class
sneeze,70,3,extra_largest_class
snob,40,2,base
snorkel,37,2,base
snow,82,3,extra_largest_class
snowboard,35,2,base
snowman,41,2,base
snowsuit,31,3,extra_smallest_class
so,40,2,base
soap,76,3,extra_largest_class
soccer,71,3,extra_largest_class
social,37,2,base
socialize,33,3,extra_smallest_class
society,47,2,base
socks,37,2,base
soda,45,2,base
sofa,44,2,base
soft,46,2,base
softball,34,2,base
some,58,2,base
somersault,90,3,extra_largest_class
something,39,2,base
sometimes,41,2,base
son,53,2,base
soon,82,3,extra_largest_class
sophisticated,31,3,extra_smallest_class
sophomore,37,2,base
sorry,39,2,base
sound,45,2,base
soup,39,2,base
sour,42,2,base
south,44,2,base
sow,32,3,extra_smallest_class
space,41,2,base
spaceship,31,3,extra_smallest_class
spaghetti,36,2,base
spain,45,2,base
spate,51,2,base
speakers,32,3,extra_smallest_class
special,70,3,extra_largest_class
specialist,33,2,base
specific,44,2,base
spend,33,2,base
spicy,36,2,base
spider,44,2,base
spill,68,2,base
spitout,31,3,extra_smallest_class
spontaneous,33,3,extra_smallest_class
spoon,42,2,base
sports,31,3,extra_smallest_class
spotsomething,31,3,extra_smallest_class
spread,114,3,extra_largest_class
spring,80,3,extra_largest_class
square,44,2,base
squareidiot,31,3,extra_smallest_class
squeeze,71,3,extra_largest_class
squirrel,40,2,base
sshh,32,3,extra_smallest_class
stack,117,3,extra_largest_class
stadium,43,2,base
staff,43,2,base
stairs,43,2,base
stamp,104,3,extra_largest_class
stand,86,3,extra_largest_class
stand-up,31,3,extra_smallest_class
stapler,32,3,extra_smallest_class
star,49,2,base
starbucks,31,3,extra_smallest_class
stare,45,2,base
stars,31,3,extra_smallest_class
start,57,2,base
state,55,2,base
stay,49,2,base
stayawake24hrs,31,3,extra_smallest_class
steak,33,2,base
steal,45,2,base
steam,34,2,base
step,39,2,base
stethoscope,116,3,extra_largest_class
sticky,40,2,base
still,48,2,base
stimulate,32,3,extra_smallest_class
sting,44,2,base
stink,45,2,base
stir,45,2,base
stockings,31,3,extra_smallest_class
stomach,55,2,base
stop,72,3,extra_largest_class
stopwatch,33,3,extra_smallest_class
story,106,3,extra_largest_class
straight,43,2,base
strain,69,3,extra_largest_class
strange,44,2,base
strangle,33,2,base
straw,43,2,base
strawberry,135,3,extra_largest_class
street,44,2,base
stress,49,2,base
stretch,75,3,extra_largest_class
strict,41,2,base
string,37,2,base
stripe,33,2,base
strong,49,2,base
structure,46,2,base
struggle,52,2,base
stubborn,40,2,base
stuck,34,2,base
student,51,2,base
study,74,3,extra_largest_class
stumble,35,2,base
stupid,71,3,extra_largest_class
subtract,51,2,base
suck,40,2,base
suckthumb,31,3,extra_smallest_class
suit,50,2,base
summarize,33,2,base
summer,48,2,base
summon,40,2,base
sun,51,2,base
sunbathe,60,2,base
sunday,53,2,base
sunrise,44,2,base
sunset,43,2,base
superior,34,2,base
supervise,33,2,base
supervisor,33,2,base
support,97,3,extra_largest_class
sure,42,2,base
surf,40,2,base
surgeon,39,2,base
surgery,42,2,base
surprise,43,2,base
sushi,33,2,base
suspect,45,2,base
suspend,40,2,base
suspenders,57,2,base
swallow,42,2,base
sweat,35,2,base
sweater,100,3,extra_largest_class
sweatpants,31,3,extra_smallest_class
sweep,48,2,base
sweet,54,2,base
sweetheart,56,2,base
swim,74,3,extra_largest_class
swing,71,3,extra_largest_class
switzerland,43,2,base
sword,34,2,base
sympathy,41,2,base
system,41,2,base
t,50,2,base
table,50,2,base
tablet,36,2,base
tail,79,3,extra_largest_class
take,78,3,extra_largest_class
takecare,32,3,extra_smallest_class
takenotes,31,3,extra_smallest_class
takeoff,57,2,base
talk,90,3,extra_largest_class
tall,83,3,extra_largest_class
tan,42,2,base
tape,36,2,base
taste,38,2,base
tea,47,2,base
teach,78,3,extra_largest_class
teacher,48,2,base
team,45,2,base
tear,34,2,base
tearrip,60,2,base
tease,43,2,base
technology,42,2,base
teenager,34,2,base
teeth,38,2,base
tell,55,2,base
temperblowup,31,3,extra_smallest_class
temptation,34,2,base
tendency,36,2,base
tendyour,31,3,extra_smallest_class
tennis,42,2,base
tent,44,2,base
test,55,2,base
text,41,2,base
than,40,2,base
thanksgiving,54,2,base
thankyou,31,3,extra_smallest_class
that,42,2,base
then,42,2,base
theory,45,2,base
therapy,41,2,base
there,44,2,base
thermometer,44,2,base
these,33,3,extra_smallest_class
they,69,3,extra_largest_class
thief,65,2,base
thin,68,2,base
things,34,2,base
think,61,2,base
thinkchin,31,3,extra_smallest_class
thinkconnect,31,3,extra_smallest_class
thinkover,31,3,extra_smallest_class
thinkponder,31,3,extra_smallest_class
third,81,3,extra_largest_class
thirsty,47,2,base
three,49,2,base
thrilled,33,3,extra_smallest_class
throw,81,3,extra_largest_class
thunder,36,2,base
thursday,43,2,base
ticket,43,2,base
tickle,34,2,base
tidy sum,51,2,base
tie,82,3,extra_largest_class
tieup,59,2,base
tiger,49,2,base
time,67,2,base
timetotime,31,3,extra_smallest_class
tiny,37,2,base
tired,47,2,base
tiredof,31,3,extra_smallest_class
tissue,39,2,base
to,38,2,base
toast,51,2,base
tobacco,40,2,base
today,48,2,base
together,40,2,base
toilet,56,2,base
tomato,48,2,base
tomorrow,47,2,base
tongue,42,2,base
toomuch,31,3,extra_smallest_class
toothbrush,40,2,base
top,55,2,base
topic,49,2,base
tornado,40,2,base
toss,40,2,base
total,49,2,base
touch,46,2,base
tough,42,2,base
tournament,43,2,base
tow,91,3,extra_largest_class
towel,42,2,base
toy,99,3,extra_largest_class
tractor,35,2,base
tradition,44,2,base
traffic,45,2,base
train,54,2,base
transfer,47,2,base
transgender,34,2,base
translate,40,2,base
trash,35,2,base
travel,75,3,extra_largest_class
tree,48,2,base
triangle,44,2,base
trim,91,3,extra_largest_class
trim back,32,3,extra_smallest_class
trim down,32,3,extra_smallest_class
trip,74,3,extra_largest_class
triple,34,2,base
trophy,38,2,base
trouble,52,2,base
truck,68,2,base
truth,47,2,base
try,58,2,base
tty,34,2,base
tube,41,2,base
tuesday,51,2,base
turban,32,3,extra_smallest_class
turkey,83,3,extra_largest_class
turn,54,2,base
turnaround,39,2,base
turnkey,32,3,extra_smallest_class
turtle,42,2,base
tv,45,2,base
twins,65,2,base
twirl,37,2,base
two,40,2,base
twomore,31,3,extra_smallest_class
type,75,3,extra_largest_class
u,50,2,base
udder,31,3,extra_smallest_class
ugly,52,2,base
umbrella,43,2,base
unaware,34,2,base
uncertain,34,2,base
uncle,45,2,base
under,42,2,base
undergraduate,34,2,base
understand,47,2,base
underwear,79,3,extra_largest_class
unicorn,32,3,extra_smallest_class
unique,43,2,base
universe,37,2,base
university,48,2,base
until,42,2,base
up,51,2,base
upload,35,2,base
upset,83,3,extra_largest_class
us,52,2,base
use,48,2,base
v,50,2,base
vacation,41,2,base
vacuum,36,2,base
vagina,34,2,base
vain,42,2,base
validate,33,3,extra_smallest_class
valley,39,2,base
value,51,2,base
vampire,41,2,base
vanilla,34,2,base
vanish,46,2,base
vegetable,46,2,base
verb,40,2,base
very,40,2,base
veryinterested,32,3,extra_smallest_class
vest,37,2,base
vibrate,37,2,base
videocamera,59,2,base
videophone,35,2,base
view,45,2,base
village,33,2,base
violin,43,2,base
virtually,37,2,base
vision,37,2,base
visit,48,2,base
visitor,38,2,base
visualize,38,2,base
vitamins,31,3,extra_smallest_class
vlog,38,2,base
vocabulary,40,2,base
voice,49,2,base
volleyball,44,2,base
volunteer,42,2,base
vomit,60,2,base
vote,47,2,base
w,50,2,base
wad,73,3,extra_largest_class
wade,61,2,base
wait,57,2,base
waiter,40,2,base
walk,86,3,extra_largest_class
walk-tightrope-cl,31,3,extra_smallest_class
wall,41,2,base
wallet,41,2,base
walrus,32,3,extra_smallest_class
wand,33,2,base
wander,46,2,base
want,89,3,extra_largest_class
war,42,2,base
warm,45,2,base
warn,44,2,base
wash,75,3,extra_largest_class
washdishes,31,3,extra_smallest_class
washface,58,2,base
washhands,31,3,extra_smallest_class
washmachine,31,3,extra_smallest_class
waste,48,2,base
watch,53,2,base
water,52,2,base
waterdrop,31,3,extra_smallest_class
waterski,31,3,extra_smallest_class
wave,47,2,base
way,48,2,base
we,45,2,base
weak,47,2,base
wear,50,2,base
weather,48,2,base
weave,40,2,base
wedding,44,2,base
wednesday,51,2,base
week,42,2,base
weekend,45,2,base
weigh,39,2,base
weight,42,2,base
weird,47,2,base
welcome,72,3,extra_largest_class
well,46,2,base
well-nigh,37,2,base
west,43,2,base
wet,57,2,base
wewillsee,31,3,extra_smallest_class
whale,45,2,base
what,91,3,extra_largest_class
whatever,40,2,base
whatfor,85,3,extra_largest_class
wheel,62,2,base
wheelbarrow,33,2,base
wheelchair,37,2,base
when,48,2,base
where,48,2,base
which,40,2,base
while,46,2,base
whip,39,2,base
whisper,35,2,base
whistle,69,3,extra_largest_class
white,59,2,base
whiteperson,31,3,extra_smallest_class
who,62,2,base
whole,52,2,base
whole lot,51,2,base
whole slew,51,2,base
why,58,2,base
wide,44,2,base
wife,49,2,base
will,44,2,base
willgo,31,3,extra_smallest_class
win,44,2,base
wind,50,2,base
windmill,87,3,extra_largest_class
window,49,2,base
windy,35,2,base
wine,41,2,base
wink,42,2,base
winter,44,2,base
wise,33,3,extra_smallest_class
wish,41,2,base
witch,72,3,extra_largest_class
with,49,2,base
without,44,2,base
wolf,43,2,base
woman,80,3,extra_largest_class
wonder,38,2,base
wood,44,2,base
word,45,2,base
work,44,2,base
workout,32,3,extra_smallest_class
workshop,41,2,base
world,71,3,extra_largest_class
worm,48,2,base
worry,39,2,base
worse,41,2,base
wow,56,2,base
wrap,46,2,base
wrapup,58,2,base
wrestle,39,2,base
wring,38,2,base
wristwatch,97,3,extra_largest_class
write,60,2,base
writeonwall,31,3,extra_smallest_class
wrong,51,2,base
x,50,2,base
y,50,2,base
yawn,123,3,extra_largest_class
yay,31,3,extra_smallest_class
yeah,33,3,extra_smallest_class
year,56,2,base
yellow,52,2,base
yes,57,2,base
yesterday,54,2,base
you,47,2,base
young,47,2,base
your,44,2,base
yourself,40,2,base
yoyo,31,3,extra_smallest_class
yucky,37,2,base
z,50,2,base
zebra,37,2,base
zero,47,2,base
zipper,38,2,base
zoo,35,2,base
zoomoff,32,3,extra_smallest_class
