word,train,val,test
1dollar,22,4,5
5dollars,22,5,5
8hour,22,5,4
9oclock,22,4,5
TRUE,30,6,6
a,34,8,8
abbreviate,26,6,6
about,49,11,10
above,35,7,8
absolutelynothing,22,4,5
accent,33,7,7
accept,33,7,7
access,30,6,6
accident,37,8,8
accomplish,30,6,6
accordion,24,5,5
accountant,30,6,7
achromatic,22,5,5
acquire,32,7,7
act,34,7,7
action,32,7,7
actor,32,7,7
add,53,12,11
addict,26,6,6
address,43,9,9
adjust,31,6,7
admire,28,6,6
admit,31,7,7
adopt,30,6,7
adult,34,7,7
advantage,28,6,6
advertise,26,6,6
africa,34,7,7
after,43,9,9
afternoon,34,8,7
again,34,7,7
against,31,7,7
age,34,7,8
agency,26,6,6
agreement,29,6,6
airplane,34,8,7
alarm,38,8,8
alaska,25,6,5
alcohol,26,5,6
align,25,5,6
alittlebit,22,5,4
all,41,9,9
all but,26,6,5
allgone,22,4,5
allofsudden,22,5,5
allover,22,5,4
allway,22,4,5
almost,30,6,7
alone,36,7,8
alphabet,30,6,6
alright,30,6,6
always,32,7,7
amazing,35,7,8
america,39,8,8
analyze,36,8,8
and,27,6,6
angel,37,8,8
angry,36,8,8
animal,69,15,15
animate being,40,9,9
announce,30,6,7
answer,36,7,8
any,34,7,7
anyone,25,6,5
apart,29,6,6
apparel,23,5,5
appear,35,7,8
apple,40,8,9
appointment,30,6,6
april,28,6,6
archeology,23,5,5
area,47,10,10
argue,30,6,6
arizona,28,6,6
arm,82,17,18
army,26,6,6
arrest,72,15,15
arrive,30,6,6
art,33,7,7
article,30,6,6
asia,32,7,7
ask,44,10,9
assembly,25,5,5
assign,22,5,5
assist,45,10,9
assistant,30,6,6
astronaut,24,5,5
at,25,5,6
athlete,25,5,6
atlanta,23,5,5
attention,27,6,6
attitude,31,6,7
audience,31,7,6
auditorium,22,4,5
aunt,34,7,7
australia,34,7,7
autism,45,10,10
automatic,26,6,6
average,36,8,8
avoid,33,7,7
awake,36,7,8
award,34,7,7
away,45,10,10
awkward,36,8,8
axe,45,10,10
b,32,7,10
baby,69,15,15
babysitter,28,6,6
bachelor,25,5,6
back,53,11,11
backbone,25,5,5
backout,22,5,5
backpack,54,12,12
backup,40,9,9
backyard,23,5,5
bacon,32,7,7
bad,42,9,9
badge,24,5,5
bag,58,13,12
bake,53,12,11
balance,43,9,9
bald,34,7,7
ball,45,10,10
balloon,35,8,7
banana,96,21,21
bandage,29,6,6
bandaid,40,9,9
bank,34,7,8
bar,39,8,9
barely,35,7,8
bark,75,16,16
baseball,28,6,6
baseballcap,22,5,5
basement,32,7,7
basic,29,6,6
basket,48,10,10
basketball,80,17,17
bat,69,15,15
batch,36,8,8
bath,38,8,8
bathroom,44,9,10
bathtub,25,5,5
battery,30,7,6
beach,27,6,6
beak,26,5,6
beanie,22,5,4
beans,22,4,5
bear,44,9,9
beard,35,8,7
beast,41,9,9
beat,47,10,10
beaver,25,6,5
because,34,7,7
become,28,6,6
bed,53,12,11
bedroom,33,7,7
bee,51,11,11
beer,31,6,7
before,54,12,11
beg,31,7,7
behavior,30,6,7
behind,40,8,9
believe,51,11,11
bell,34,7,7
belt,56,12,12
bend,27,6,6
benefit,34,8,7
berry,26,6,6
best,26,6,5
bet,32,7,7
better,36,8,8
between,27,6,6
bib,22,4,5
bicycle,45,10,10
big,50,11,11
bike,26,5,6
bind,25,5,6
binoculars,30,6,7
biology,30,6,6
bird,38,8,8
birth,26,6,6
birthday,33,7,7
bison,25,5,5
bitch,24,5,5
bite,48,10,11
biteonarm,22,5,4
black,46,10,10
blame,34,7,8
blank,30,6,6
blanket,41,9,9
bleed,22,5,5
bless,32,7,7
blind,34,7,7
blinds,41,9,9
blink,28,6,6
blond,25,5,6
blood,31,7,7
bloom,30,6,6
blouse,23,5,5
blow,58,12,12
blowcandle,40,9,9
blowmind,22,4,5
blue,44,10,9
blur,25,5,6
blush,30,6,7
board,22,5,5
boat,35,7,8
body,37,8,8
boil,52,11,11
boilingmad,22,4,5
bolt,30,6,6
bomb,31,7,7
bone,30,6,6
book,44,9,10
boots,44,9,9
bored,53,11,11
borrow,31,6,7
boss,31,7,7
boston,23,5,5
both,27,6,6
bother,45,10,9
bottle,34,7,7
bottom,44,9,10
bounce,36,8,8
bound,32,7,7
bow,82,18,18
bowl,30,7,6
bowling,55,12,12
bowtie,22,4,5
box,37,8,8
boxing,30,6,6
boy,45,9,10
boyfriend,30,6,7
bra,67,14,14
bracelet,32,7,7
brag,36,8,7
braids,22,5,5
braille,25,5,5
brain,22,5,4
brainstorm,26,6,6
brainwash,24,5,5
brave,34,7,7
bread,37,8,8
break,67,15,14
breakdown,45,9,10
breakfast,56,12,12
breaktime,22,5,4
breathe,33,7,7
brick,23,5,5
bridesmaid,23,5,5
bridge,53,11,11
bright,38,8,8
bring,47,10,10
bring down,26,6,7
brother,45,10,10
brown,38,8,8
brush,41,9,9
brute,40,9,9
buckle,45,10,10
budget,26,6,6
buffalo,26,6,6
bug,37,8,8
building,30,6,6
bull,35,7,8
bullshit,26,5,6
bumpy,22,4,5
bun,23,5,5
burn,28,6,6
burp,31,6,7
bury,91,19,20
bus,26,6,6
business,47,10,10
busted,24,5,5
busy,30,6,6
but,27,6,6
butter,32,7,7
butterfly,31,6,7
buy,36,8,8
bye,33,7,7
c,26,6,8
cabinet,31,6,7
cafeteria,32,7,7
cake,37,8,8
calculator,28,6,6
calendar,48,10,11
california,33,7,7
call,66,14,14
callattention,22,4,5
calltty,22,5,5
calm,41,9,9
camcorder,22,5,4
camel,26,6,6
camera,32,7,7
camping,29,6,6
can,60,13,13
canada,32,7,7
cancel,53,11,11
cancellation,22,5,5
cancer,45,9,10
candle,30,6,6
candy,67,14,15
cannon,24,5,5
cannot,30,7,6
canoe,25,6,5
cape,22,4,5
caption,33,7,7
capture,24,5,5
car,42,9,9
carbattery,22,4,5
cards,30,6,6
careful,35,7,8
carousel,23,5,5
carrot,76,16,16
carry,33,7,7
carve,25,5,6
castle,87,19,18
casual,25,6,5
cat,76,16,17
catapult,26,6,5
catch,109,23,23
category,31,7,6
catepillar,22,4,5
catholic,29,6,6
cause,39,9,8
ceiling,31,6,7
celebrate,26,6,6
celery,24,5,5
cellphone,28,6,6
cemetery,30,6,7
center,48,10,11
cereal,36,8,8
certificate,30,6,7
chain,32,7,7
chair,36,8,8
challenge,30,6,7
champ,25,5,6
champion,36,8,8
chance,39,8,8
change,44,9,9
channel,30,7,6
chaos,24,5,5
character,39,8,8
charge,35,7,8
chase,31,7,7
chat,30,6,6
cheap,35,7,8
cheat,58,12,13
check,48,10,11
cheek,25,6,5
cheer,26,6,5
cheerleader,44,9,10
cheese,32,7,7
cheesegrater,22,5,5
cherish,25,5,5
cherry,48,10,10
chew,90,19,19
chicago,29,6,6
child,48,11,10
children,26,5,6
chimney,22,5,5
chin,23,5,5
china,31,7,7
chocolate,35,7,8
choke,36,8,7
chop,31,7,7
chopsticks,22,4,5
christmas,55,12,12
church,33,7,7
churn,23,5,5
cigar,25,5,5
cigarette,29,6,6
circle,39,8,9
circuswheel,22,4,5
city,58,12,12
clap,28,6,6
clash,34,7,8
class,50,11,10
clause,22,5,5
claw,23,5,5
clean,41,9,9
clear,43,9,9
cleftchin,22,5,4
click,29,6,6
client,26,6,6
climbladder,22,5,4
clip,49,11,10
clock,53,11,12
close,50,11,11
closeeyes,22,5,4
closet,56,12,12
clothes,45,9,10
cloud,93,20,20
clown,31,6,7
clueless,26,6,6
coach,47,10,10
cocacola,22,5,5
cocaine,24,5,5
coconut,30,6,6
coffee,34,7,8
coins,22,5,4
cold,31,7,7
college,34,7,7
color,47,10,10
comb,54,12,12
come,34,8,7
comehere,22,5,4
comeout,22,5,4
comfortable,37,8,8
comment,32,7,7
committee,32,7,7
communication,24,5,5
community,31,7,6
commute,30,6,6
compass,30,7,6
complain,31,6,7
complex,31,7,7
computer,34,7,8
concept,27,6,6
concerned,25,5,5
conduct,72,16,15
confident,25,6,5
confidential,22,5,4
conflict,30,6,6
confused,52,11,11
congratulations,30,6,6
connection,24,5,5
consume,31,6,7
contact,30,6,7
contactlens,22,4,5
continue,34,7,7
contribute,22,5,5
convince,52,11,11
cook,33,7,7
cookie,39,9,8
cool,106,23,23
cooperate,27,6,6
copy,36,8,8
corkscrew,44,9,9
corn,83,18,18
corner,34,8,7
correct,38,8,8
cost,32,7,7
couch,31,7,7
cough,30,6,6
counselor,26,6,6
count,36,8,7
country,49,11,10
cousin,33,7,7
coverup,22,5,5
cow,34,7,8
cowboy,22,5,5
crack,23,5,5
cracker,49,10,11
cranky,22,5,5
crash,29,6,6
crawl,44,9,9
crazy,31,7,7
cream,54,11,12
create,34,8,7
creature,40,9,9
creditcard,22,5,5
crocodile,29,6,6
cross,90,20,19
crossheart,22,4,5
crown,38,8,8
crumple,25,5,5
cry,104,22,23
culture,31,7,7
cup,33,7,7
curious,30,7,6
curl,45,10,10
curlyhair,22,4,5
curtain,30,6,6
curtsey,41,9,9
cut,58,12,12
cut back,23,5,5
cut down,25,5,6
cute,51,11,11
cutremovevid,22,5,4
cycle,22,5,5
d,33,8,9
damn,26,6,6
dance,37,8,8
dancer,25,6,5
danger,29,6,6
dark,72,15,15
dart,26,6,6
date,38,8,8
daughter,34,7,7
day,45,9,10
deaf,66,14,14
deafschool,22,5,4
deal,51,11,11
death,28,6,6
decide,53,11,11
decline,34,7,7
decorate,63,14,13
dedicate,44,10,9
deep,34,7,8
deer,31,6,7
defeat,26,6,6
deflate,26,5,6
degree,29,6,6
delegate,28,6,6
deliberate,25,5,6
delicious,36,8,8
delinquent,25,5,5
demand,57,12,12
demote,25,6,5
dentist,54,11,12
deny,30,6,6
deodorant,29,6,6
department,30,6,6
dependon,22,5,5
depress,23,5,5
depth,23,5,5
desert,32,7,7
design,36,8,8
dessert,32,7,7
destroy,28,6,6
develop,54,11,12
devil,46,10,10
devour,25,6,5
diamond,35,8,7
diaper,30,6,6
dice,26,6,6
dictionary,30,7,6
die,36,7,8
different,37,8,8
differentsituation,22,5,4
dig,44,9,9
digup,22,5,4
dilemma,24,5,5
dinner,56,12,12
dinosaur,50,11,11
dip,70,15,15
director,34,7,7
dirty,40,9,9
disappear,39,8,8
disappoint,24,5,5
disconnect,31,7,7
discuss,31,7,7
dislike,27,6,6
disney,25,5,5
dispatch,24,5,5
disrupt,25,6,5
dissect,22,5,5
dissolve,27,6,6
distracted,23,5,5
dive,29,6,6
divide,37,8,8
divorce,32,7,7
dizzy,31,7,7
doctor,60,13,13
document,30,7,6
dodo,22,5,5
dog,92,19,20
doll,31,7,7
dolphin,69,15,15
dominant,22,5,5
donkey,24,5,5
dontfeellike,22,4,5
dontknow,22,4,5
dontlike,22,5,4
dontmind,22,5,4
dontwant,22,4,5
donut,26,6,6
door,36,8,8
dormitory,28,6,6
double,34,8,7
doubt,30,6,7
down,50,11,11
downhill,23,5,5
download,26,6,6
downsize,44,9,9
drag,54,12,12
dragon,26,6,5
draw,44,10,9
drawer,31,7,6
dream,31,7,7
dress,58,12,13
dresser,25,5,5
dressup,22,5,4
dribble,28,6,6
drill,39,8,9
drink,62,14,13
drip,26,6,5
drive,42,9,9
drop,48,10,10
drown,109,23,23
drug,28,6,6
drum,33,7,7
drunk,28,6,6
dry,35,7,8
dryer,25,5,5
duck,62,13,13
due,29,6,6
dumb,30,6,6
duty,30,6,6
dye,27,6,6
e,33,9,8
each,30,6,6
eagle,48,10,11
ear,32,7,7
early,27,6,6
earn,27,6,6
earring,30,6,6
earth,53,11,11
earthquake,30,6,6
easel,24,5,5
east,31,6,7
easter,32,7,7
easy,36,7,8
easytodo,22,5,4
eat,60,13,13
eclipse,22,5,5
edge,31,7,7
edit,49,10,11
effect,32,7,7
egg,35,8,7
eggbeater,22,5,5
ego,24,5,5
egypt,36,8,8
eight,32,7,7
either,28,6,6
electrician,30,7,6
elegance,23,5,5
elephant,34,8,7
elevator,72,15,15
eleven,26,6,6
email,30,7,6
embarrass,32,7,7
emotion,28,6,6
emphasis,24,5,5
empty,46,10,10
end,45,10,10
enemy,26,6,5
energy,31,7,7
engagement,26,6,6
engineer,31,7,6
enginestart,22,4,5
english,29,6,6
enjoy,36,8,7
enough,28,6,6
enter,36,8,8
envelope,107,23,23
environment,34,7,7
equal,32,7,7
erase,112,24,24
eraser,31,6,7
erupt,45,10,10
escalate,22,5,5
escalator,25,5,5
escape,33,7,7
europe,34,7,7
evaluate,31,7,7
even,28,6,6
event,40,9,9
everyday,25,5,5
everynight,22,4,5
everything,26,5,6
everyyear,22,4,5
evidence,31,7,7
example,37,8,8
excited,30,6,7
excuse,27,6,6
exercise,43,9,9
expect,36,7,8
expensive,31,7,7
experience,40,8,9
experiment,29,6,6
expert,31,7,7
explanation,25,5,5
explode,26,6,6
express,27,6,6
eyeglasses,36,8,7
eyes,25,5,5
eyesawake,22,5,4
eyeturn,22,5,4
f,32,10,8
face,41,9,9
faculty,27,6,6
fade,22,5,5
fail,39,9,8
faint,26,6,6
fair,29,6,6
fake,27,6,6
fall,58,12,13
fallingasleep,22,5,5
family,40,9,9
famous,30,6,6
fan,25,6,5
fantasy,25,5,5
far,32,7,7
farm,31,7,7
fascinated,23,5,5
fashion,31,6,7
fast,42,9,9
fat,37,8,8
father,33,7,7
faucet,23,5,5
fault,38,8,8
favorite,30,7,6
february,26,6,6
feed,54,12,11
feedback,31,6,7
feel,39,8,8
fence,58,12,12
fencing,28,6,6
few,31,7,7
fiance,24,5,5
fifth,25,5,6
fight,37,8,8
figure,42,9,9
file,64,14,13
fillout,22,4,5
film,39,9,8
filter,25,6,5
finally,31,7,6
finance,28,6,6
find,39,8,8
fine,68,15,15
finger,25,5,5
fingerspell,23,5,5
fingerspelling,26,5,6
finish,51,11,11
fins,25,5,6
fire,33,7,7
fired,26,5,6
fireman,47,10,10
first,30,6,6
fish,39,8,9
fishing,50,11,11
fit,28,6,6
fix,34,8,7
flag,53,11,11
flashlight,86,18,18
flip,30,6,6
flipflops,22,4,5
flipswitch,22,5,4
float,75,16,16
floor,36,8,7
flower,37,8,8
flute,31,6,7
fly,34,8,7
focus,22,5,4
fold,52,11,11
follow,101,22,21
fond,25,5,5
fool,31,6,7
football,38,8,8
for,33,7,7
forbid,34,7,7
foreigner,45,10,10
forest,31,7,7
forever,53,11,11
forfeit,22,5,5
forgetful,24,5,5
fork,92,20,20
form,54,12,12
former,27,6,6
foul,41,9,9
four,33,7,7
fourth,41,9,9
fox,34,7,8
fraction,27,6,6
frame,28,6,6
france,31,7,7
fraud,30,6,6
freakout,22,4,5
freckles,22,5,4
free,32,7,7
freedom,23,5,5
freeway,27,6,6
freeze,32,7,7
french,27,6,6
frenchfries,22,5,4
friday,33,7,7
friend,36,7,8
friendly,31,7,7
friendsnomore,22,4,5
fringe,25,5,6
frisk,25,5,5
frog,35,8,7
from,32,7,7
front,36,8,7
frown,45,10,10
fruit,34,7,7
frustrate,25,5,5
fry,23,5,5
full,39,8,8
fun,27,6,6
function,36,8,8
funny,33,7,7
furniture,25,5,6
future,34,8,7
g,34,7,9
gallaudet,28,6,6
gamble,30,6,7
game,35,8,7
garage,29,6,6
garlic,23,5,5
gas,28,6,6
gate,25,6,5
gay,32,7,7
generation,30,7,6
germany,31,7,7
gesture,24,5,5
get,61,13,13
get down,25,6,5
getinbed,22,4,5
getthrough,22,4,5
gettogether,22,4,5
ghost,38,8,8
gift,38,8,8
giraffe,34,8,7
girl,42,9,9
give,44,9,9
giveup,22,4,5
glass,74,16,16
glasses,39,8,8
glove,31,7,6
gloves,91,19,20
glow,26,6,6
glue,47,10,10
go,68,15,15
goal,27,6,6
goat,31,7,7
goatee,22,5,5
gobackandforth,22,5,4
god,35,8,7
goingthroughahardtime,22,5,4
gold,25,6,5
golf,31,7,7
gone,34,7,7
good,46,10,10
good deal,35,8,8
goodygoody,22,5,4
goosebumps,22,4,5
gorilla,29,6,6
gossip,41,9,9
gothrough,22,5,4
gotojail,22,5,4
government,39,8,8
grab,45,10,9
grade,35,7,8
graduate,39,8,8
grammar,33,7,7
grandfather,34,7,7
grandmother,34,7,8
grapes,46,10,10
grasp,30,7,6
grass,34,7,7
gray,39,8,9
great,40,8,9
great deal,35,8,8
greece,34,7,8
green,39,8,9
greet,45,9,10
grenade,22,5,5
grieve,26,5,6
grind,26,6,6
ground,29,6,6
group,35,7,8
grow,34,7,7
guess,54,12,12
guide,37,8,8
guillotine,41,9,9
guilty,31,6,7
guitar,31,7,6
gullible,25,5,5
gum,28,6,6
gun,72,15,15
gym,26,6,6
h,31,9,9
habit,26,6,6
hair,54,11,12
haircut,26,6,5
hairdresser,22,5,5
hairdryer,61,13,13
half,31,6,7
hall,34,7,8
halloween,55,12,12
hamburger,31,7,7
hammer,31,7,7
hamster,24,5,5
handcuffs,22,5,4
hands,26,6,6
handsoap,22,4,5
handsome,91,20,19
hang,26,6,6
hanukkah,29,6,6
happen,31,7,7
happy,34,7,8
hard,39,8,9
hardofhearing,22,5,4
harmonica,26,6,5
harp,29,6,6
hat,59,13,12
hatch,45,10,10
hate,26,5,6
hatful,35,8,8
have,26,6,6
hawaii,31,7,7
he,26,6,6
head,54,12,12
headache,31,7,7
headcold,22,4,5
headgrind,22,4,5
headphones,22,5,4
health,30,7,6
heap,61,13,13
hear,52,11,11
hearing,36,8,8
hearingaid,22,5,4
heart,46,10,10
heartbody,22,4,5
heaven,26,6,6
heavy,40,9,9
helicopter,75,16,16
hell,29,6,6
hello,32,7,7
helmet,52,11,11
help,53,11,11
hen,22,5,4
here,34,7,7
hide,33,7,7
high,31,7,7
highlighter,22,5,4
highschool,25,5,5
hinge,24,5,5
hippo,46,10,10
his,27,6,6
history,33,7,7
hit,62,13,13
hitchhike,23,5,5
hockey,30,7,6
hoe,22,4,5
hold,72,15,16
holdaccountable,22,5,4
holdhands,22,5,4
holdtogether,22,4,5
holiday,22,5,5
holy,29,6,6
home,40,9,9
homework,29,6,6
honest,27,6,6
honey,52,11,11
honk,23,5,5
honor,37,8,8
hood,22,5,5
hoodie,41,9,9
hop,30,6,7
hope,36,8,8
horrible,27,6,6
horse,30,6,7
hose,26,6,6
hospital,56,12,12
hot,44,9,9
hotdog,30,6,6
hotel,25,6,5
hour,36,8,7
house,34,7,7
how,60,13,13
howl,23,5,5
hug,38,8,8
humble,40,9,8
hummingbird,23,5,5
humor,26,6,5
hundred,34,7,7
hungry,31,7,6
hunt,31,7,6
hurdle-trip,42,9,9
hurricane,27,6,6
hurry,31,7,7
hurt,45,10,10
husband,36,7,8
hypocrite,25,5,6
i,33,7,10
ice,26,6,5
icecream,22,5,4
idea,33,7,7
identity,26,6,6
if,31,7,6
ignore,35,8,7
imagine,49,11,10
immature,31,6,7
immerse,23,5,5
impact,27,6,6
important,35,8,7
impossible,34,7,7
impress,25,5,6
improve,35,7,8
in,37,8,8
inch,29,6,6
incredible,23,5,5
independent,30,6,7
indian,25,6,5
inept,27,6,6
infection,28,6,6
influence,28,6,6
inhale,25,5,6
inject,26,6,6
innocent,29,6,6
inside,33,7,7
inspire,36,7,8
inspiring,22,5,4
instagram,25,5,5
instead,28,6,6
instinct,24,5,5
institute,29,6,6
insult,26,5,6
insurance,28,6,6
intelligent,22,5,5
intentional,22,5,5
interest,30,7,6
interested,22,4,5
internet,31,7,7
interpret,32,7,7
interpreter,29,6,6
intervene,25,5,5
interview,34,7,7
introduce,31,7,7
intuitive,22,5,4
invest,41,9,9
invisible,24,5,5
invite,29,6,6
iphone,23,5,5
iron,68,15,14
island,27,6,6
isolated,22,4,5
israel,33,7,7
italy,30,6,6
itch,23,5,5
j,34,8,8
jacket,95,20,20
japan,34,7,7
jar,26,6,6
jealous,34,7,7
jelly,22,5,5
jellyfish,25,5,5
jewelry,31,7,6
jewish,26,6,6
jigsawpuzzle,22,4,5
job,25,6,5
join,28,6,6
joke,42,9,9
journey,26,6,6
judge,39,9,8
juggle,22,5,4
juice,50,10,11
jump,45,10,10
junior,30,6,7
just about,39,9,9
k,35,7,8
kangaroo,68,15,15
keep,34,7,7
key,39,9,8
keyboard,30,7,6
kick,50,11,10
kid,26,6,5
kill,32,7,7
kindergarten,26,6,5
king,37,8,8
kiss,69,15,15
kissfist,22,4,5
kitchen,33,7,7
kite,44,9,9
kitten,24,5,5
kneel,26,6,6
knife,54,12,11
knight,82,18,17
knitting,61,13,13
knock,29,6,6
know,33,7,7
l,34,8,8
label,31,6,7
lamp,47,10,10
land,40,9,9
language,34,8,7
laptop,30,6,6
large,23,5,5
last,31,7,7
late,37,8,8
later,44,9,9
laugh,47,10,10
law,34,7,8
lawnmower,22,5,4
lawyer,30,6,6
laydown,22,4,5
lazy,30,6,6
lead,35,8,7
leaf,51,11,11
league,25,6,5
leak,27,6,6
learn,29,6,6
learnlesson,22,5,4
leather,25,5,5
leave,41,9,9
leavealone,22,5,4
lecture,36,8,8
left,31,7,6
lemon,54,11,12
lend,42,9,9
lesbian,30,6,6
less,27,6,6
lesson,28,6,6
letgo,22,5,4
letmesee,22,4,5
letter,58,12,13
lettuce,52,11,11
library,29,6,6
license,26,5,6
lick,44,9,9
lickenvelope,42,9,9
lie,34,7,7
lift,71,15,15
light,51,11,11
lighter,26,6,6
lightning,28,6,6
like,37,8,8
line,54,12,11
linguistics,28,6,6
lion,31,7,7
lipread,26,6,5
lipstick,29,6,6
list,34,7,7
listen,32,7,7
live,61,13,13
livingroom,22,5,4
load,56,12,12
lobster,72,15,15
lock,67,15,14
locker,24,5,5
lollipop,26,6,6
lonely,28,6,6
long,34,7,8
longline,22,4,5
longword,22,5,4
lookappearance,22,5,5
lookat,22,5,4
lose,44,9,9
losegame,22,4,5
lost,30,6,7
lot,55,12,12
loud,31,7,6
lousy,30,7,6
love,36,8,8
loyal,25,5,5
luck,30,6,6
lucky,30,6,6
lunch,56,12,12
lungs,22,5,4
m,32,7,11
machine,45,10,10
mad,34,7,8
magazine,28,6,6
magic,30,6,6
magnet,85,18,18
magnify,48,11,10
maid,22,4,5
mail,47,10,10
mailman,27,6,6
mainstream,27,6,6
major,29,6,6
make,52,11,11
man,43,9,9
manage,31,6,7
many,30,6,7
maple,23,5,5
march,39,8,9
marionette,25,6,5
marry,30,6,6
mascara,24,5,5
massage,25,5,5
match,38,8,8
math,31,7,7
maybe,32,7,7
mcdonalds,22,5,4
me,27,6,6
mean,64,14,14
measure,60,13,13
meat,50,11,10
mechanic,53,11,12
medicine,32,7,7
meditate,73,16,16
meet,35,7,8
meeting,26,6,6
megaphone,23,5,5
melon,24,5,5
melt,28,6,6
member,30,6,6
memorize,28,6,6
memorizememorize,22,5,4
mention,33,7,7
mess,22,4,5
metal,29,6,6
metaphor,26,6,5
mexican,46,10,10
mickle,35,8,8
microphone,27,6,6
microscope,68,15,15
microwave,36,7,8
middle,34,7,8
milk,58,12,12
mime,23,5,5
mind,48,11,10
mindturned,22,4,5
mine,32,7,7
minimum,45,10,10
mint,36,8,8
minute,45,10,10
mirror,32,7,7
mischievous,24,5,5
miss,48,10,10
misunderstand,26,6,6
mix,83,18,18
mock,26,5,6
model,54,12,12
monday,34,7,7
money,48,10,11
monkey,34,7,8
monster,30,6,7
month,31,6,7
moon,31,7,7
moose,28,6,6
mop,42,9,9
more,36,8,7
morning,39,9,8
mosquito,29,6,6
most,53,11,11
mother,38,8,8
motivation,44,10,9
motorcycle,31,7,7
mountain,49,11,10
mouse,34,7,7
mouth,31,7,6
move,62,13,14
movedown,22,5,4
movie,62,13,13
much,33,7,7
muckle,35,8,8
mummy,26,6,5
murder,26,6,5
muscle,30,6,6
museum,29,6,6
mushroom,30,6,6
music,34,7,8
must,28,6,6
mustache,31,7,7
my,31,7,7
myself,29,6,6
n,33,8,9
nail,31,6,7
nailclipper,22,4,5
naked,31,7,7
name,40,8,9
napkin,36,8,8
navel,23,5,5
navy,25,5,5
near,54,11,12
nearly,26,6,5
neck,31,7,7
necklace,92,19,20
need,32,7,7
needle,24,5,5
negative,31,7,6
nephew,30,6,6
nerve,24,5,5
net,34,7,8
network,34,7,7
neutral,31,7,6
never,30,6,7
new,36,7,8
newspaper,30,6,6
next,35,7,8
nice,27,6,6
niece,31,7,6
nigh,26,6,5
night,61,13,13
nine,26,6,6
no,39,8,9
noise,23,5,5
none,33,7,7
nonsense,22,5,4
noon,53,12,11
noose,22,5,5
normal,28,6,6
north,31,6,7
nose,33,7,7
nosebleed,24,5,5
not,30,6,6
notathing,22,4,5
nothing,54,12,12
notinterested,22,4,5
notusedto,22,5,4
notyet,22,4,5
now,29,6,6
nurse,34,7,7
nut,52,11,11
o,30,13,7
obsess,32,7,7
obvious,23,5,5
ocean,27,6,6
octopus,28,6,6
off,44,10,9
offend,25,5,5
offhand,22,5,5
office,39,8,8
offthepoint,22,5,4
often,29,6,6
oil,71,15,15
ok,28,6,6
old,31,6,7
on,36,8,8
once,31,7,7
one,29,6,6
onemore,41,9,9
onion,33,7,7
onlyone,22,5,4
ooh,22,5,5
oops,22,5,4
open,48,10,10
opinion,54,11,12
opportunity,26,5,6
option,24,5,5
or,29,6,6
oral,27,6,6
orange,39,8,8
orangeeyes,22,4,5
orangethroat,22,5,4
order,56,12,12
organization,25,6,5
ostrich,24,5,5
other,30,6,7
our,28,6,6
out,34,7,8
outside,36,8,7
over,31,7,6
overlook,25,5,5
overnight,23,5,5
overtake,22,5,4
overwhelmed,22,4,5
owe,28,6,6
owl,28,6,6
own,25,5,5
p,32,7,11
pack,36,8,8
page,33,7,7
pageant,25,5,5
pain,26,5,6
paint,35,7,8
paintbrush,24,5,5
pair,28,6,6
pancake,25,5,5
pants,55,12,12
paper,42,9,9
papercutter,22,5,4
parachute,68,14,15
parade,30,6,6
paragraph,25,5,6
parallel,27,6,6
parents,24,5,5
park,30,6,7
party,55,12,12
pass,54,12,11
passout,22,5,4
passport,25,5,5
past,34,7,7
patient,72,15,16
pay,34,8,7
peace,30,7,6
peach,64,14,14
peacock,25,5,6
pear,28,6,6
peas,42,9,9
peck,62,13,13
peekaboo,24,5,5
peel,72,15,16
peg,64,14,14
pen,36,8,8
pencil,30,6,7
penguin,24,5,5
penis,23,5,5
penny,26,6,6
people,35,7,8
pepper,36,8,7
pepsi,25,6,5
perceive,22,5,5
percent,25,5,6
perfect,28,6,6
perfume,52,11,11
period,31,6,7
permission,22,5,5
persistent,23,5,5
person,40,9,9
perspective,31,6,7
persuade,26,5,6
pet,52,11,11
pharmacist,24,5,5
philadelphia,26,6,6
philosophy,37,8,8
phone,38,8,8
photography,23,5,5
physics,30,6,6
piano,29,6,6
pick,45,10,10
pickle,28,6,6
picnic,22,5,5
picture,43,9,9
pie,30,7,6
pig,39,9,8
pile,22,4,5
pill,27,6,6
pillow,71,15,15
pinch,48,10,10
pineapple,102,22,22
pink,37,8,8
pipe,88,19,19
pirate,25,5,5
pissedoff,22,4,5
pitcher,26,6,6
pity,30,6,6
pizza,61,13,13
pizzacutter,22,5,4
place,58,12,13
plain,32,7,7
plan,30,7,6
planet,26,5,6
plant,36,8,8
plate,31,7,6
platform,22,5,5
play,55,12,12
players,22,4,5
playground,27,6,6
please,34,7,7
plenty,63,13,14
pliers,23,5,5
plow,49,10,11
plug,44,9,10
plummet,24,5,5
plunger,24,5,5
plus,30,7,6
point,55,12,12
pointindex,22,4,5
pole,26,6,6
policeman,48,11,10
policy,30,6,7
polish,32,7,7
ponder,30,7,6
poop,26,6,6
poor,34,7,7
pop,100,21,21
popcorn,29,6,6
pope,25,5,5
popular,28,6,6
porcupine,25,5,5
positive,27,6,6
possible,30,6,6
possum,23,5,5
postpone,30,6,7
potato,32,7,7
pour,53,11,12
powder,23,5,5
power,40,9,9
practice,41,9,9
prayer,22,4,5
preacher,24,5,5
precious,29,6,6
predict,30,6,7
prefer,28,6,6
pregnant,26,5,6
present,28,6,6
president,34,7,7
press,34,7,8
pretend,25,5,6
pretty,28,6,6
price,34,7,8
pride,30,6,7
priest,30,7,6
prince,26,5,6
principal,31,7,6
print,34,7,7
priority,30,6,7
prison,26,6,6
problem,55,12,12
process,30,6,7
producesign,22,4,5
program,39,8,9
project,35,7,8
promise,34,8,7
promote,28,6,6
proof,29,6,6
propeller,22,4,5
propose,29,6,6
protection,22,4,5
protest,24,5,5
provide,32,7,7
psychologist,25,5,5
psychology,31,7,6
public,28,6,6
pull,48,10,10
pullconvince,22,5,5
pumpkin,28,6,6
punish,30,6,6
purple,36,8,8
push,31,7,6
put,37,8,8
puzzled,26,6,6
q,35,8,7
qm,22,5,4
quality,29,6,6
quarter,41,9,9
queen,29,6,6
quiet,34,7,8
quit,35,7,8
quite a little,35,8,8
r,34,7,9
rabbit,52,11,11
race,26,5,6
radio,32,7,7
raft,36,8,8
rag,26,6,6
rain,33,7,7
rainbow,30,6,6
raisin,24,5,5
rake,30,6,6
range,23,5,5
rat,34,7,7
razor,44,9,10
reach,35,8,7
react,25,5,5
read,34,7,7
ready,35,8,7
really,33,7,7
reason,31,7,7
recent,48,10,11
recite,25,6,5
record,23,5,5
recording,22,5,5
red,39,8,9
reduce,55,12,12
reflect,32,7,7
refrigerator,30,7,6
refuse,40,9,9
register,39,8,8
regular,28,6,6
relationship,29,6,6
relax,50,11,11
release,35,7,8
relief,41,9,9
religion,41,9,9
remember,54,11,12
remind,24,5,5
remotecontrol,22,4,5
remove,31,7,7
replace,26,6,6
request,28,6,6
rescue,26,6,6
research,57,12,12
resent,23,5,5
resign,30,6,6
resist,27,6,6
respect,32,7,7
responsibility,30,6,7
rest,38,8,8
restallday,22,5,4
restaurant,32,7,7
restless,25,5,5
result,36,8,8
retire,36,8,8
retrieve,30,7,6
revenge,28,6,6
rhino,64,14,14
rich,30,6,7
ride,51,11,11
right,80,17,17
ring,41,9,9
risk,26,5,6
river,48,10,10
road,29,6,6
roar,48,10,10
roast,29,6,6
rob,31,6,7
robot,27,6,6
rock,31,7,6
rocket,44,9,9
rockingchair,42,9,9
role,30,6,6
roll,30,6,7
roof,28,6,6
room,36,8,7
roommate,27,6,6
rooster,25,5,5
rope,27,6,6
rose,28,6,6
rough,33,7,7
row,31,7,6
rude,33,7,7
ruin,27,6,6
rule,39,8,8
ruler,26,5,6
run,67,14,14
rush,34,7,7
russia,32,7,7
s,34,7,9
sad,35,7,8
safe,30,6,7
sail,46,10,10
sailboat,23,5,5
salad,29,6,6
salt,31,7,7
saltshaker,22,5,4
same,58,12,12
samesame,22,4,5
sametime,22,5,4
sandwich,95,21,20
santa,23,5,5
sarcastic,23,5,5
saturday,33,7,7
sauce,26,6,6
sausage,27,6,6
save,37,8,8
saw,49,11,10
saxophone,23,5,5
scan,27,6,6
scarcely,29,6,6
scared,34,7,7
scarf,84,18,18
school,38,8,8
science,31,7,6
scientist,28,6,6
scissors,31,6,7
scold,33,7,7
scoop,25,5,5
score,34,7,8
scout,26,6,5
scratch,23,5,5
scream,25,6,5
screwdriver,69,15,15
script,25,5,6
scrub,23,5,5
sculpt,23,5,5
sculpture,27,6,6
seal,26,6,6
secret,35,8,7
secretary,33,7,7
see,40,9,9
seem,34,7,8
seesee,22,5,4
select,25,5,5
self,22,4,5
sell,28,6,6
senate,30,6,7
send,29,6,6
sensitive,31,7,7
sentence,51,11,11
separate,25,5,6
sequence,27,6,6
serious,31,6,7
serve,54,12,12
set,45,10,10
set up,28,6,6
setup,22,4,5
seven,32,7,7
several,23,5,5
sew,30,6,7
shake,54,11,12
shame,26,6,5
shampoo,26,5,6
shape,34,8,7
share,34,7,7
shark,45,10,10
sharp,45,10,10
sharpen,64,14,13
shave,110,24,24
sheep,30,6,7
shelf,30,7,6
shield,22,4,5
shiny,25,5,6
shirt,58,12,12
shocked,22,4,5
shoes,35,8,7
shoot,59,13,13
shooting,25,5,5
shop,58,12,13
shortdistance,22,5,4
shortperson,22,4,5
shorts,26,5,6
shot,31,7,7
should,26,6,6
shoulder,69,15,15
shout,51,11,11
shovel,50,11,11
show,40,9,9
shower,38,8,8
shrimp,31,7,6
shy,30,6,7
sick,29,6,6
side,36,8,7
sideburns,22,4,5
sign,40,9,9
signature,25,5,6
silly,31,7,7
silver,32,7,7
since,30,6,6
sing,31,7,7
single,38,8,8
sink,39,8,8
siren,27,6,6
sister,35,8,7
sit,33,7,7
situation,30,7,6
six,31,7,7
skate,27,6,6
skateboarding,62,14,13
ski,25,5,5
ski-ca,22,5,4
skill,26,6,5
skin,31,6,7
skirt,41,9,9
skunk,31,7,7
slave,28,6,6
sled,45,10,10
sleep,31,7,7
slew,38,8,8
slice,83,18,18
slide,48,10,10
slingshot,23,5,5
slip,56,12,12
slipper,25,5,6
slow,44,9,9
small,49,11,10
smart,33,7,7
smell,31,7,6
smellmoney,22,5,4
smile,50,11,11
smoke,34,7,7
smoking,28,6,6
smooth,38,8,8
snail,22,5,5
snake,33,7,7
snap,27,6,6
sneakadventure,22,5,4
sneeze,49,10,11
snob,28,6,6
snorkel,26,5,6
snow,58,12,12
snowboard,25,5,5
snowman,29,6,6
snowsuit,22,4,5
so,28,6,6
soap,53,11,12
soccer,50,11,10
social,26,5,6
socialize,23,5,5
society,33,7,7
socks,26,6,5
soda,31,7,7
sofa,31,6,7
soft,32,7,7
softball,24,5,5
some,40,9,9
somersault,63,13,14
something,27,6,6
sometimes,29,6,6
son,37,8,8
soon,58,12,12
sophisticated,22,4,5
sophomore,26,5,6
sorry,27,6,6
sound,31,7,7
soup,27,6,6
sour,30,6,6
south,31,7,6
sow,22,5,5
space,29,6,6
spaceship,22,5,4
spaghetti,25,6,5
spain,31,7,7
spate,35,8,8
speakers,22,5,5
special,49,10,11
specialist,23,5,5
specific,31,7,6
spend,23,5,5
spicy,25,5,6
spider,31,7,6
spill,48,10,10
spitout,22,4,5
spontaneous,23,5,5
spoon,30,6,6
sports,22,5,4
spotsomething,22,5,4
spread,80,17,17
spring,56,12,12
square,31,6,7
squareidiot,22,4,5
squeeze,50,10,11
squirrel,28,6,6
sshh,22,5,5
stack,82,17,18
stadium,30,7,6
staff,30,6,7
stairs,30,7,6
stamp,73,15,16
stand,60,13,13
stand-up,22,4,5
stapler,22,5,5
star,34,7,8
starbucks,22,5,4
stare,31,7,7
stars,22,5,4
start,40,9,8
state,39,8,8
stay,34,8,7
stayawake24hrs,22,4,5
steak,23,5,5
steal,31,7,7
steam,24,5,5
step,27,6,6
stethoscope,81,18,17
sticky,28,6,6
still,34,7,7
stimulate,22,5,5
sting,31,7,6
stink,31,7,7
stir,31,7,7
stockings,22,4,5
stomach,39,8,8
stop,50,11,11
stopwatch,23,5,5
story,74,16,16
straight,30,7,6
strain,48,10,11
strange,31,6,7
strangle,23,5,5
straw,30,6,7
strawberry,95,20,20
street,31,6,7
stress,34,7,8
stretch,53,11,11
strict,29,6,6
string,26,5,6
stripe,23,5,5
strong,34,7,8
structure,32,7,7
struggle,36,8,8
stubborn,28,6,6
stuck,24,5,5
student,36,8,7
study,52,11,11
stumble,25,5,5
stupid,50,10,11
subtract,36,8,7
suck,28,6,6
suckthumb,22,4,5
suit,35,7,8
summarize,23,5,5
summer,34,7,7
summon,28,6,6
sun,36,7,8
sunbathe,42,9,9
sunday,37,8,8
sunrise,31,6,7
sunset,30,7,6
superior,24,5,5
supervise,23,5,5
supervisor,23,5,5
support,68,15,14
sure,30,6,6
surf,28,6,6
surgeon,27,6,6
surgery,30,6,6
surprise,30,6,7
sushi,23,5,5
suspect,31,7,7
suspend,28,6,6
suspenders,40,9,8
swallow,30,6,6
sweat,25,5,5
sweater,70,15,15
sweatpants,22,5,4
sweep,34,7,7
sweet,38,8,8
sweetheart,39,9,8
swim,52,11,11
swing,50,10,11
switzerland,30,7,6
sword,24,5,5
sympathy,29,6,6
system,29,6,6
t,32,8,10
table,35,8,7
tablet,25,6,5
tail,55,12,12
take,54,12,12
takecare,22,5,5
takenotes,22,5,4
takeoff,40,9,8
talk,63,13,14
tall,58,12,13
tan,30,6,6
tape,25,6,5
taste,26,6,6
tea,33,7,7
teach,54,12,12
teacher,34,7,7
team,31,7,7
tear,24,5,5
tearrip,42,9,9
tease,30,7,6
technology,30,6,6
teenager,24,5,5
teeth,26,6,6
tell,39,8,8
temperblowup,22,5,4
temptation,24,5,5
tendency,25,5,6
tendyour,22,5,4
tennis,30,6,6
tent,31,6,7
test,39,8,8
text,29,6,6
than,28,6,6
thanksgiving,38,8,8
thankyou,22,5,4
that,30,6,6
then,30,6,6
theory,31,7,7
therapy,29,6,6
there,31,7,6
thermometer,31,6,7
these,23,5,5
they,48,10,11
thief,45,10,10
thin,48,10,10
things,24,5,5
think,43,9,9
thinkchin,22,5,4
thinkconnect,22,5,4
thinkover,22,4,5
thinkponder,22,4,5
third,57,12,12
thirsty,33,7,7
three,34,8,7
thrilled,23,5,5
throw,57,12,12
thunder,25,6,5
thursday,30,7,6
ticket,30,7,6
tickle,24,5,5
tidy sum,35,8,8
tie,58,12,12
tieup,41,9,9
tiger,34,7,8
time,47,10,10
timetotime,22,4,5
tiny,26,6,5
tired,33,7,7
tiredof,22,4,5
tissue,27,6,6
to,26,6,6
toast,36,8,7
tobacco,28,6,6
today,34,7,7
together,28,6,6
toilet,39,8,9
tomato,34,7,7
tomorrow,33,7,7
tongue,30,6,6
toomuch,22,4,5
toothbrush,28,6,6
top,39,8,8
topic,34,7,8
tornado,28,6,6
toss,28,6,6
total,34,8,7
touch,32,7,7
tough,30,6,6
tournament,30,7,6
tow,64,14,13
towel,30,6,6
toy,69,15,15
tractor,25,5,5
tradition,31,6,7
traffic,31,7,7
train,38,8,8
transfer,33,7,7
transgender,24,5,5
translate,28,6,6
trash,25,5,5
travel,53,11,11
tree,34,7,7
triangle,31,7,6
trim,64,13,14
trim back,22,5,5
trim down,22,5,5
trip,52,11,11
triple,24,5,5
trophy,26,6,6
trouble,36,8,8
truck,48,10,10
truth,33,7,7
try,40,9,9
tty,24,5,5
tube,29,6,6
tuesday,36,8,7
turban,22,5,5
turkey,58,13,12
turn,38,8,8
turnaround,27,6,6
turnkey,22,5,5
turtle,30,6,6
tv,31,7,7
twins,45,10,10
twirl,26,5,6
two,28,6,6
twomore,22,5,4
type,53,11,11
u,34,7,9
udder,22,5,4
ugly,36,8,8
umbrella,30,7,6
unaware,24,5,5
uncertain,24,5,5
uncle,31,7,7
under,30,6,6
undergraduate,24,5,5
understand,33,7,7
underwear,55,12,12
unicorn,22,5,5
unique,30,6,7
universe,26,6,5
university,34,7,7
until,30,6,6
up,36,7,8
upload,25,5,5
upset,58,12,13
us,36,8,8
use,34,7,7
v,34,8,8
vacation,29,6,6
vacuum,25,5,6
vagina,24,5,5
vain,30,6,6
validate,23,5,5
valley,27,6,6
value,36,8,7
vampire,29,6,6
vanilla,24,5,5
vanish,32,7,7
vegetable,32,7,7
verb,28,6,6
very,28,6,6
veryinterested,22,5,5
vest,26,5,6
vibrate,26,5,6
videocamera,41,9,9
videophone,25,5,5
view,31,7,7
village,23,5,5
violin,30,7,6
virtually,26,6,5
vision,26,5,6
visit,34,7,7
visitor,26,6,6
visualize,26,6,6
vitamins,22,5,4
vlog,26,6,6
vocabulary,28,6,6
voice,34,7,8
volleyball,31,7,6
volunteer,30,6,6
vomit,42,9,9
vote,33,7,7
w,34,8,8
wad,51,11,11
wade,43,9,9
wait,40,8,9
waiter,28,6,6
walk,60,13,13
walk-tightrope-cl,22,4,5
wall,29,6,6
wallet,29,6,6
walrus,22,5,5
wand,23,5,5
wander,32,7,7
want,62,14,13
war,30,6,6
warm,31,7,7
warn,31,7,6
wash,53,11,11
washdishes,22,4,5
washface,40,9,9
washhands,22,4,5
washmachine,22,5,4
waste,34,7,7
watch,37,8,8
water,36,8,8
waterdrop,22,4,5
waterski,22,5,4
wave,33,7,7
way,34,7,7
we,31,7,7
weak,33,7,7
wear,35,8,7
weather,34,7,7
weave,28,6,6
wedding,31,7,6
wednesday,36,8,7
week,30,6,6
weekend,31,7,7
weigh,27,6,6
weight,30,6,6
weird,33,7,7
welcome,50,11,11
well,32,7,7
well-nigh,26,6,5
west,30,7,6
wet,40,8,9
wewillsee,22,4,5
whale,31,7,7
what,64,14,13
whatever,28,6,6
whatfor,59,13,13
wheel,44,9,9
wheelbarrow,23,5,5
wheelchair,26,5,6
when,34,7,7
where,34,7,7
which,28,6,6
while,32,7,7
whip,27,6,6
whisper,25,5,5
whistle,48,10,11
white,41,9,9
whiteperson,22,4,5
who,44,9,9
whole,36,8,8
whole lot,35,8,8
whole slew,35,8,8
why,40,9,9
wide,31,6,7
wife,34,7,8
will,31,6,7
willgo,22,4,5
win,31,7,6
wind,35,7,8
windmill,61,13,13
window,34,7,8
windy,25,5,5
wine,29,6,6
wink,30,6,6
winter,31,6,7
wise,23,5,5
wish,29,6,6
witch,50,11,11
with,34,7,8
without,31,6,7
wolf,30,6,7
woman,56,12,12
wonder,26,6,6
wood,31,6,7
word,31,7,7
work,31,6,7
workout,22,5,5
workshop,29,6,6
world,50,11,10
worm,34,7,7
worry,27,6,6
worse,29,6,6
wow,39,9,8
wrap,32,7,7
wrapup,40,9,9
wrestle,27,6,6
wring,26,6,6
wristwatch,68,14,15
write,42,9,9
writeonwall,22,4,5
wrong,36,8,7
x,29,11,10
y,26,13,11
yawn,86,19,18
yay,22,4,5
yeah,23,5,5
year,39,8,9
yellow,36,8,8
yes,40,9,8
yesterday,38,8,8
you,33,7,7
young,33,7,7
your,31,6,7
yourself,28,6,6
yoyo,22,4,5
yucky,26,5,6
z,33,9,8
zebra,26,6,5
zero,33,7,7
zipper,26,6,6
zoo,25,5,5
zoomoff,22,5,5
